customer_id,converted,customer_cohort,gender,age,added_referrals,added_friends,plan_price,source,country
15490,0,13,theta,32.0,1,0,14.5,9b2d5b4678781e53038e91ea5324530a03f27dc1d0e5f6c9bc9d493a23be9de0,USA
15491,1,11,gamma,48.0,1,0,142.5666,afa2dc179e46e8456ffff9016f91396e9c6adf1fe20d17b6a85fd3452a1b5bb6,Canada
15492,1,13,gamma,36.0,0,0,15.85,9b2d5b4678781e53038e91ea5324530a03f27dc1d0e5f6c9bc9d493a23be9de0,USA
15493,1,11,gamma,45.0,1,0,106.2,abefcf257b5d2ff2816a68ec7c84ec8c11e0e0dc4f3425dfe08b29e9b9e5e3b9,USA
15494,0,13,theta,45.0,0,0,16.1,9b2d5b4678781e53038e91ea5324530a03f27dc1d0e5f6c9bc9d493a23be9de0,USA
15495,0,13,theta,,0,0,16.9166,9b2d5b4678781e53038e91ea5324530a03f27dc1d0e5f6c9bc9d493a23be9de0,Australia
15496,0,11,theta,64.0,0,0,103.725,68781db29be014199a40a50d93c5f1595dde7ca164c5b0b223b24864908a7576,USA
15497,0,13,theta,12.0,3,1,42.15,9b2d5b4678781e53038e91ea5324530a03f27dc1d0e5f6c9bc9d493a23be9de0,USA
15498,1,13,gamma,37.0,0,2,22.2666,9b2d5b4678781e53038e91ea5324530a03f27dc1d0e5f6c9bc9d493a23be9de0,USA
15499,1,12,gamma,24.0,1,0,60.1416,9b2d5b4678781e53038e91ea5324530a03f27dc1d0e5f6c9bc9d493a23be9de0,Canada
15500,1,13,gamma,14.0,1,1,33.4,780d558be6960a54064f888577409d1c92eb7c3d6c65e6bf4f286a3e26dde543,USA
15501,1,11,gamma,68.0,0,0,53.1,f6782921285fc5cc44923c74e50f010b29ba4e7756879cbbb5b5a7103b97f7fa,USA
15502,0,13,theta,30.0,0,0,16.1,9b2d5b4678781e53038e91ea5324530a03f27dc1d0e5f6c9bc9d493a23be9de0,USA
15503,0,13,theta,49.0,1,5,62.55,9b2d5b4678781e53038e91ea5324530a03f27dc1d0e5f6c9bc9d493a23be9de0,USA
15504,0,13,gamma,24.0,0,0,15.7084,9b2d5b4678781e53038e91ea5324530a03f27dc1d0e5f6c9bc9d493a23be9de0,USA
15505,1,12,gamma,65.0,0,0,32.0,9b2d5b4678781e53038e91ea5324530a03f27dc1d0e5f6c9bc9d493a23be9de0,USA
15506,0,13,theta,12.0,4,1,58.25,9b2d5b4678781e53038e91ea5324530a03f27dc1d0e5f6c9bc9d493a23be9de0,Australia
15507,1,12,theta,,0,0,26.0,9b2d5b4678781e53038e91ea5324530a03f27dc1d0e5f6c9bc9d493a23be9de0,USA
15508,0,13,gamma,41.0,1,0,36.0,9b2d5b4678781e53038e91ea5324530a03f27dc1d0e5f6c9bc9d493a23be9de0,USA
15509,1,13,gamma,,0,0,14.45,9b2d5b4678781e53038e91ea5324530a03f27dc1d0e5f6c9bc9d493a23be9de0,Canada
15510,0,12,theta,45.0,0,0,52.0,9b2d5b4678781e53038e91ea5324530a03f27dc1d0e5f6c9bc9d493a23be9de0,USA
15511,1,12,theta,44.0,0,0,26.0,c98ac7271f97863b2c1ef37560ff3e840c28c79815d5c7284c6a9f0d1d5b27ec,USA
15512,1,13,gamma,25.0,0,0,16.0584,9b2d5b4678781e53038e91ea5324530a03f27dc1d0e5f6c9bc9d493a23be9de0,Australia
15513,1,11,theta,38.0,0,0,71.0,d94791a85f88d5f49c3cc06d5557316cf743d60149820c594f389a1b301ff021,USA
15514,0,13,gamma,18.0,3,1,42.15,9b2d5b4678781e53038e91ea5324530a03f27dc1d0e5f6c9bc9d493a23be9de0,USA
15515,1,13,gamma,48.0,1,5,62.775,9b2d5b4678781e53038e91ea5324530a03f27dc1d0e5f6c9bc9d493a23be9de0,USA
15516,0,13,theta,,0,0,14.45,9b2d5b4678781e53038e91ea5324530a03f27dc1d0e5f6c9bc9d493a23be9de0,Canada
15517,0,11,theta,29.0,3,2,526.0,f0d3a2a5176986eddfdd60b0b303d8fd7c4dfe3060479feee41224ef86f7174a,USA
15518,1,13,gamma,,0,0,15.7584,9b2d5b4678781e53038e91ea5324530a03f27dc1d0e5f6c9bc9d493a23be9de0,Australia
15519,0,13,theta,,0,0,15.7916,9b2d5b4678781e53038e91ea5324530a03f27dc1d0e5f6c9bc9d493a23be9de0,USA
15520,0,11,theta,50.0,0,0,55.4416,9b2d5b4678781e53038e91ea5324530a03f27dc1d0e5f6c9bc9d493a23be9de0,Canada
15521,1,11,gamma,,1,0,293.0416,f130beaf1df0e8c123176c12084586f6c8c6cafab78069112eddb74b2a01f44f,Canada
15522,1,13,gamma,,0,0,15.5,9b2d5b4678781e53038e91ea5324530a03f27dc1d0e5f6c9bc9d493a23be9de0,Australia
15523,0,12,theta,76.0,0,0,21.0,9b2d5b4678781e53038e91ea5324530a03f27dc1d0e5f6c9bc9d493a23be9de0,USA
15524,0,11,theta,38.0,1,0,164.3416,9b2d5b4678781e53038e91ea5324530a03f27dc1d0e5f6c9bc9d493a23be9de0,Canada
15525,0,11,theta,52.0,1,0,104.0,9b2d5b4678781e53038e91ea5324530a03f27dc1d0e5f6c9bc9d493a23be9de0,USA
15526,1,13,theta,,0,0,14.4584,9b2d5b4678781e53038e91ea5324530a03f27dc1d0e5f6c9bc9d493a23be9de0,Canada
15527,0,13,theta,31.0,0,0,16.1,9b2d5b4678781e53038e91ea5324530a03f27dc1d0e5f6c9bc9d493a23be9de0,USA
15528,0,13,gamma,28.0,2,0,36.0,9b2d5b4678781e53038e91ea5324530a03f27dc1d0e5f6c9bc9d493a23be9de0,USA
15529,1,13,gamma,24.0,1,0,22.4834,9b2d5b4678781e53038e91ea5324530a03f27dc1d0e5f6c9bc9d493a23be9de0,Canada
15530,0,13,gamma,50.0,1,0,18.95,9b2d5b4678781e53038e91ea5324530a03f27dc1d0e5f6c9bc9d493a23be9de0,USA
15531,0,12,gamma,37.0,1,0,42.0,9b2d5b4678781e53038e91ea5324530a03f27dc1d0e5f6c9bc9d493a23be9de0,USA
15532,0,13,theta,,0,0,15.7916,9b2d5b4678781e53038e91ea5324530a03f27dc1d0e5f6c9bc9d493a23be9de0,Canada
15533,1,12,gamma,13.0,1,2,83.1584,9b2d5b4678781e53038e91ea5324530a03f27dc1d0e5f6c9bc9d493a23be9de0,Canada
15534,1,13,gamma,29.0,0,0,15.7584,9b2d5b4678781e53038e91ea5324530a03f27dc1d0e5f6c9bc9d493a23be9de0,Australia
15535,0,13,theta,,0,0,16.1,9b2d5b4678781e53038e91ea5324530a03f27dc1d0e5f6c9bc9d493a23be9de0,USA
15536,0,13,theta,,1,0,31.0,9b2d5b4678781e53038e91ea5324530a03f27dc1d0e5f6c9bc9d493a23be9de0,Australia
15537,1,13,gamma,,0,0,15.5,9b2d5b4678781e53038e91ea5324530a03f27dc1d0e5f6c9bc9d493a23be9de0,Australia
15538,0,13,theta,,2,0,43.3584,9b2d5b4678781e53038e91ea5324530a03f27dc1d0e5f6c9bc9d493a23be9de0,Canada
15539,0,13,gamma,28.0,1,0,35.6,9b2d5b4678781e53038e91ea5324530a03f27dc1d0e5f6c9bc9d493a23be9de0,USA
15540,0,13,theta,17.0,4,1,79.375,9b2d5b4678781e53038e91ea5324530a03f27dc1d0e5f6c9bc9d493a23be9de0,USA
15541,0,13,theta,31.0,0,0,15.6,9b2d5b4678781e53038e91ea5324530a03f27dc1d0e5f6c9bc9d493a23be9de0,USA
15542,1,11,gamma,59.0,1,0,153.4584,2581665cb758846f14fa52761c4c872ec17877cd157cd9e86146266d2ecfe997,Canada
15543,1,12,gamma,39.0,1,0,52.0,9b2d5b4678781e53038e91ea5324530a03f27dc1d0e5f6c9bc9d493a23be9de0,USA
15544,0,11,theta,75.0,0,1,123.9584,726a2749e243fa32b5dbbbcde1ff60642830a8a6f7afba55458ac681a6908461,Canada
15545,1,11,theta,,0,0,71.0,8bcd382724ad10f5fa61a06ec296715b408693f3dad6b73aaff04a7c0100cd69,USA
15546,1,12,gamma,31.0,0,0,21.0,9b2d5b4678781e53038e91ea5324530a03f27dc1d0e5f6c9bc9d493a23be9de0,USA
15547,0,13,theta,38.5,0,0,14.4584,9b2d5b4678781e53038e91ea5324530a03f27dc1d0e5f6c9bc9d493a23be9de0,Canada
15548,1,12,gamma,15.0,1,2,55.5,9b2d5b4678781e53038e91ea5324530a03f27dc1d0e5f6c9bc9d493a23be9de0,USA
15549,0,13,theta,21.0,5,2,93.8,9b2d5b4678781e53038e91ea5324530a03f27dc1d0e5f6c9bc9d493a23be9de0,USA
15550,0,13,theta,32.0,0,0,14.4584,9b2d5b4678781e53038e91ea5324530a03f27dc1d0e5f6c9bc9d493a23be9de0,Canada
15551,1,11,gamma,48.0,0,0,160.0,8abdf1580603d91a8e255690a4b7381a36aff7b0c4c0c6589831ddf165aca75c,
15552,0,11,theta,55.0,1,0,166.95,96e42b813507817206f8f5ec20269933e9049958c9c5a547c5bbd76fc325ba1a,USA
15553,0,13,theta,14.0,3,2,55.8,9b2d5b4678781e53038e91ea5324530a03f27dc1d0e5f6c9bc9d493a23be9de0,USA
15554,0,11,theta,,0,0,55.4416,9b2d5b4678781e53038e91ea5324530a03f27dc1d0e5f6c9bc9d493a23be9de0,Canada
15555,1,13,theta,,1,1,30.4916,9b2d5b4678781e53038e91ea5324530a03f27dc1d0e5f6c9bc9d493a23be9de0,Canada
15556,1,12,gamma,39.0,0,0,21.0,16ee13fe0dd987f3ef966e930adebd1e4f5d40f6180ac7eadb416079d5c637f1,USA
15557,0,13,theta,29.0,0,0,16.3166,9b2d5b4678781e53038e91ea5324530a03f27dc1d0e5f6c9bc9d493a23be9de0,USA
15558,1,13,gamma,27.0,4,2,15.85,9b2d5b4678781e53038e91ea5324530a03f27dc1d0e5f6c9bc9d493a23be9de0,USA
15559,0,13,theta,36.0,2,0,17.325,9b2d5b4678781e53038e91ea5324530a03f27dc1d0e5f6c9bc9d493a23be9de0,USA
15560,0,12,theta,42.0,0,0,21.0,9b2d5b4678781e53038e91ea5324530a03f27dc1d0e5f6c9bc9d493a23be9de0,USA
15561,0,13,gamma,26.0,5,2,93.8,9b2d5b4678781e53038e91ea5324530a03f27dc1d0e5f6c9bc9d493a23be9de0,USA
15562,0,12,theta,31.0,0,0,147.0,9b2d5b4678781e53038e91ea5324530a03f27dc1d0e5f6c9bc9d493a23be9de0,USA
15563,0,13,theta,36.0,1,0,28.9084,9b2d5b4678781e53038e91ea5324530a03f27dc1d0e5f6c9bc9d493a23be9de0,Canada
15564,1,13,theta,42.0,0,0,112.9916,9b2d5b4678781e53038e91ea5324530a03f27dc1d0e5f6c9bc9d493a23be9de0,USA
15565,0,13,theta,35.0,0,0,15.3,61aa86472f61ce6ed9e6dcbf446c0a537ee0355161d961bc5ce18a9877a2737e,USA
15566,0,13,theta,,0,0,15.7916,9b2d5b4678781e53038e91ea5324530a03f27dc1d0e5f6c9bc9d493a23be9de0,USA
15567,0,13,theta,,0,0,16.1,9b2d5b4678781e53038e91ea5324530a03f27dc1d0e5f6c9bc9d493a23be9de0,USA
15568,1,12,theta,10.83,0,2,58.0,9b2d5b4678781e53038e91ea5324530a03f27dc1d0e5f6c9bc9d493a23be9de0,USA
15569,1,13,gamma,40.0,0,0,24.95,9b2d5b4678781e53038e91ea5324530a03f27dc1d0e5f6c9bc9d493a23be9de0,USA
15570,0,13,theta,32.0,0,0,18.0,9b2d5b4678781e53038e91ea5324530a03f27dc1d0e5f6c9bc9d493a23be9de0,USA
15571,1,13,theta,39.0,0,0,19.0,9b2d5b4678781e53038e91ea5324530a03f27dc1d0e5f6c9bc9d493a23be9de0,USA
15572,1,13,gamma,,0,0,15.575,9b2d5b4678781e53038e91ea5324530a03f27dc1d0e5f6c9bc9d493a23be9de0,Australia
15573,0,11,theta,38.0,0,0,94.2,9b2d5b4678781e53038e91ea5324530a03f27dc1d0e5f6c9bc9d493a23be9de0,USA
15574,1,12,gamma,27.0,0,0,21.0,9b2d5b4678781e53038e91ea5324530a03f27dc1d0e5f6c9bc9d493a23be9de0,USA
15575,1,13,gamma,43.0,3,0,31.7,9b2d5b4678781e53038e91ea5324530a03f27dc1d0e5f6c9bc9d493a23be9de0,USA
15576,0,13,theta,26.0,1,3,68.75,9b2d5b4678781e53038e91ea5324530a03f27dc1d0e5f6c9bc9d493a23be9de0,USA
15577,0,13,theta,,0,0,16.1,9b2d5b4678781e53038e91ea5324530a03f27dc1d0e5f6c9bc9d493a23be9de0,USA
15578,1,11,gamma,33.0,3,2,526.0,f0d3a2a5176986eddfdd60b0b303d8fd7c4dfe3060479feee41224ef86f7174a,USA
15579,0,13,theta,34.0,0,0,16.1,9b2d5b4678781e53038e91ea5324530a03f27dc1d0e5f6c9bc9d493a23be9de0,USA
15580,0,13,theta,39.0,0,0,16.1,9b2d5b4678781e53038e91ea5324530a03f27dc1d0e5f6c9bc9d493a23be9de0,USA
15581,0,13,theta,30.0,0,0,15.7084,9b2d5b4678781e53038e91ea5324530a03f27dc1d0e5f6c9bc9d493a23be9de0,USA
15582,0,11,theta,56.0,1,0,122.35,7e0889515d49e18686b58df097a8dd29bc76bae798d99a22986be89dc48bab69,USA
15583,0,13,theta,36.0,1,2,41.15,9b2d5b4678781e53038e91ea5324530a03f27dc1d0e5f6c9bc9d493a23be9de0,USA
15584,0,13,theta,69.0,0,0,14.5,9b2d5b4678781e53038e91ea5324530a03f27dc1d0e5f6c9bc9d493a23be9de0,USA
15585,0,13,theta,,0,0,16.1,9b2d5b4678781e53038e91ea5324530a03f27dc1d0e5f6c9bc9d493a23be9de0,USA
15586,0,11,theta,81.0,0,0,69.3084,ea644b359f0b0abde72ab7dbdc03c7d630537bdd0fd7ca1bbb99d41e7f446eea,Canada
15587,1,11,theta,33.0,0,1,126.7166,5786977fcaaed30edea6b9e2faf290ec82e2793ad0c7ccb3cef9117b683384ab,Canada
15588,1,12,gamma,44.0,0,1,46.0,9b2d5b4678781e53038e91ea5324530a03f27dc1d0e5f6c9bc9d493a23be9de0,USA
15589,0,12,theta,44.0,1,0,52.0,9b2d5b4678781e53038e91ea5324530a03f27dc1d0e5f6c9bc9d493a23be9de0,USA
15590,0,13,gamma,38.0,0,0,15.7916,9b2d5b4678781e53038e91ea5324530a03f27dc1d0e5f6c9bc9d493a23be9de0,USA
15591,0,13,theta,,0,0,15.7916,9b2d5b4678781e53038e91ea5324530a03f27dc1d0e5f6c9bc9d493a23be9de0,USA
15592,0,11,theta,31.0,0,1,154.575,708cd051cd714b48c4e0b70d26760dc055b03e2922895e86efa08ea3cff3c645,USA
15593,0,13,theta,43.0,0,0,17.3084,9b2d5b4678781e53038e91ea5324530a03f27dc1d0e5f6c9bc9d493a23be9de0,USA
15594,0,13,theta,47.0,2,0,15.85,9b2d5b4678781e53038e91ea5324530a03f27dc1d0e5f6c9bc9d493a23be9de0,USA
15595,0,13,theta,38.0,0,0,15.7916,9b2d5b4678781e53038e91ea5324530a03f27dc1d0e5f6c9bc9d493a23be9de0,USA
15596,1,13,gamma,31.0,0,0,15.3,9b2d5b4678781e53038e91ea5324530a03f27dc1d0e5f6c9bc9d493a23be9de0,USA
15597,1,13,theta,,0,0,15.55,9b2d5b4678781e53038e91ea5324530a03f27dc1d0e5f6c9bc9d493a23be9de0,USA
15598,0,13,theta,48.0,0,0,15.7916,9b2d5b4678781e53038e91ea5324530a03f27dc1d0e5f6c9bc9d493a23be9de0,USA
15599,1,13,gamma,,1,0,48.3,9b2d5b4678781e53038e91ea5324530a03f27dc1d0e5f6c9bc9d493a23be9de0,Australia
15600,0,11,theta,57.0,0,0,104.0,b2c7b4086b5adf3a66cc6e00b8ad172af0d6fda8d891da33f58b8d9a43393624,USA
15601,0,13,gamma,24.5,1,0,28.9084,9b2d5b4678781e53038e91ea5324530a03f27dc1d0e5f6c9bc9d493a23be9de0,Canada
15602,0,13,theta,32.0,0,0,16.1,9b2d5b4678781e53038e91ea5324530a03f27dc1d0e5f6c9bc9d493a23be9de0,USA
15603,0,13,gamma,30.0,1,0,19.65,9b2d5b4678781e53038e91ea5324530a03f27dc1d0e5f6c9bc9d493a23be9de0,USA
15604,0,13,gamma,27.0,0,0,28.9166,9b2d5b4678781e53038e91ea5324530a03f27dc1d0e5f6c9bc9d493a23be9de0,Canada
15605,0,13,theta,31.0,0,0,15.85,9b2d5b4678781e53038e91ea5324530a03f27dc1d0e5f6c9bc9d493a23be9de0,USA
15606,0,13,theta,80.5,0,0,15.5,9b2d5b4678781e53038e91ea5324530a03f27dc1d0e5f6c9bc9d493a23be9de0,Australia
15607,0,12,theta,39.0,1,0,42.0,9b2d5b4678781e53038e91ea5324530a03f27dc1d0e5f6c9bc9d493a23be9de0,USA
15608,0,11,theta,34.0,0,1,495.0416,f8bbbdaaa06162ba302b171170c4d9da650747734bc10a148375d02ed849a38b,Canada
15609,0,13,gamma,12.0,4,2,62.55,9b2d5b4678781e53038e91ea5324530a03f27dc1d0e5f6c9bc9d493a23be9de0,USA
15610,0,12,theta,31.0,2,0,147.0,9b2d5b4678781e53038e91ea5324530a03f27dc1d0e5f6c9bc9d493a23be9de0,USA
15611,0,13,theta,,0,0,16.1,9b2d5b4678781e53038e91ea5324530a03f27dc1d0e5f6c9bc9d493a23be9de0,USA
15612,0,12,theta,42.5,1,0,60.1416,9b2d5b4678781e53038e91ea5324530a03f27dc1d0e5f6c9bc9d493a23be9de0,Canada
15613,1,12,gamma,42.5,0,0,26.0,85c134f55482319d860bd23bfa25054fcce14e20b57de3327680aecd58d273b7,USA
15614,0,11,theta,64.0,0,1,154.575,708cd051cd714b48c4e0b70d26760dc055b03e2922895e86efa08ea3cff3c645,USA
15615,1,13,theta,22.0,1,0,22.4834,9b2d5b4678781e53038e91ea5324530a03f27dc1d0e5f6c9bc9d493a23be9de0,Canada
15616,0,13,theta,,0,0,15.5,9b2d5b4678781e53038e91ea5324530a03f27dc1d0e5f6c9bc9d493a23be9de0,Australia
15617,1,13,theta,34.0,0,0,14.2834,9b2d5b4678781e53038e91ea5324530a03f27dc1d0e5f6c9bc9d493a23be9de0,USA
15618,1,13,gamma,,1,1,44.7166,0eedb2ba2708ba15157e210be4c45fd7c50f128b04db0fb30699d8c9aefb6560,Canada
15619,0,13,theta,55.0,0,0,13.95,9b2d5b4678781e53038e91ea5324530a03f27dc1d0e5f6c9bc9d493a23be9de0,USA
15620,0,13,theta,43.0,0,0,15.7916,9b2d5b4678781e53038e91ea5324530a03f27dc1d0e5f6c9bc9d493a23be9de0,Canada
15621,0,13,theta,30.0,0,0,14.1,9b2d5b4678781e53038e91ea5324530a03f27dc1d0e5f6c9bc9d493a23be9de0,USA
15622,0,13,gamma,57.0,1,0,29.0,9b2d5b4678781e53038e91ea5324530a03f27dc1d0e5f6c9bc9d493a23be9de0,USA
15623,1,12,gamma,39.0,1,0,52.0,9b2d5b4678781e53038e91ea5324530a03f27dc1d0e5f6c9bc9d493a23be9de0,USA
15624,0,12,theta,35.0,0,0,26.0,9b2d5b4678781e53038e91ea5324530a03f27dc1d0e5f6c9bc9d493a23be9de0,USA
15625,0,12,theta,33.0,0,0,30.0916,9b2d5b4678781e53038e91ea5324530a03f27dc1d0e5f6c9bc9d493a23be9de0,Canada
15626,1,11,gamma,29.0,0,2,52.5666,9b3b65a7bc03bc72fdb78bb86d799e9fdd2c7b727aec1656ae80c4cdabd0e567,USA
15627,0,11,theta,47.0,1,0,106.2,abefcf257b5d2ff2816a68ec7c84ec8c11e0e0dc4f3425dfe08b29e9b9e5e3b9,USA
15628,0,13,theta,26.0,0,0,18.4334,9b2d5b4678781e53038e91ea5324530a03f27dc1d0e5f6c9bc9d493a23be9de0,USA
15629,0,11,theta,34.0,0,0,158.4,93e69677a8c96f1c47ce45b15b5170ec77bb5acd22f147dee343bf75fa821fb2,Canada
15630,0,13,gamma,,0,2,30.4916,9b2d5b4678781e53038e91ea5324530a03f27dc1d0e5f6c9bc9d493a23be9de0,Canada
15631,1,13,gamma,32.0,0,0,15.5,9b2d5b4678781e53038e91ea5324530a03f27dc1d0e5f6c9bc9d493a23be9de0,USA
15632,1,13,gamma,34.0,1,0,31.7,9b2d5b4678781e53038e91ea5324530a03f27dc1d0e5f6c9bc9d493a23be9de0,USA
15633,0,13,theta,29.0,0,0,13.5,9b2d5b4678781e53038e91ea5324530a03f27dc1d0e5f6c9bc9d493a23be9de0,Australia
15634,0,12,theta,28.0,0,0,23.0,9b2d5b4678781e53038e91ea5324530a03f27dc1d0e5f6c9bc9d493a23be9de0,USA
15635,0,12,theta,29.0,1,1,73.5,9b2d5b4678781e53038e91ea5324530a03f27dc1d0e5f6c9bc9d493a23be9de0,USA
15636,1,13,theta,37.0,0,0,15.5916,9b2d5b4678781e53038e91ea5324530a03f27dc1d0e5f6c9bc9d493a23be9de0,USA
15637,0,13,gamma,19.0,2,2,68.75,9b2d5b4678781e53038e91ea5324530a03f27dc1d0e5f6c9bc9d493a23be9de0,USA
15638,0,12,theta,46.5,0,2,52.0,8e2de3335023201ffa4d803767bdf12790c58f4f241554c544bde8bf7b8455a4,USA
15639,0,12,theta,52.0,0,0,26.0,9b2d5b4678781e53038e91ea5324530a03f27dc1d0e5f6c9bc9d493a23be9de0,USA
15640,0,12,theta,61.0,0,0,25.05,9b2d5b4678781e53038e91ea5324530a03f27dc1d0e5f6c9bc9d493a23be9de0,USA
15641,1,11,gamma,32.0,1,0,133.2,9685eb765661ea3b95f31e1bb3c3b5501d0c2acdf353feeaa4d8fe32f95f77fb,USA
15642,0,13,theta,65.5,0,0,16.1,9b2d5b4678781e53038e91ea5324530a03f27dc1d0e5f6c9bc9d493a23be9de0,USA
15643,0,13,theta,50.5,0,2,29.0,9b2d5b4678781e53038e91ea5324530a03f27dc1d0e5f6c9bc9d493a23be9de0,USA
15644,0,13,theta,,0,0,14.625,9b2d5b4678781e53038e91ea5324530a03f27dc1d0e5f6c9bc9d493a23be9de0,USA
15645,0,11,theta,61.0,0,1,122.7584,9b2d5b4678781e53038e91ea5324530a03f27dc1d0e5f6c9bc9d493a23be9de0,Canada
15646,1,13,gamma,26.0,0,0,15.4666,9b2d5b4678781e53038e91ea5324530a03f27dc1d0e5f6c9bc9d493a23be9de0,Australia
15647,0,13,theta,40.0,0,0,16.1,9b2d5b4678781e53038e91ea5324530a03f27dc1d0e5f6c9bc9d493a23be9de0,USA
15648,0,13,theta,,0,0,17.325,9b2d5b4678781e53038e91ea5324530a03f27dc1d0e5f6c9bc9d493a23be9de0,USA
15649,0,13,theta,,8,2,139.1,9b2d5b4678781e53038e91ea5324530a03f27dc1d0e5f6c9bc9d493a23be9de0,USA
15650,0,13,theta,54.0,0,1,32.2,9b2d5b4678781e53038e91ea5324530a03f27dc1d0e5f6c9bc9d493a23be9de0,USA
15651,1,12,gamma,50.0,0,0,31.5,9b2d5b4678781e53038e91ea5324530a03f27dc1d0e5f6c9bc9d493a23be9de0,USA
15652,0,13,theta,36.0,0,0,15.55,9b2d5b4678781e53038e91ea5324530a03f27dc1d0e5f6c9bc9d493a23be9de0,USA
15653,0,13,theta,27.0,0,0,17.325,9b2d5b4678781e53038e91ea5324530a03f27dc1d0e5f6c9bc9d493a23be9de0,USA
15654,0,13,theta,11.0,4,1,79.375,9b2d5b4678781e53038e91ea5324530a03f27dc1d0e5f6c9bc9d493a23be9de0,USA
15655,1,13,theta,19.0,0,2,41.05,9b2d5b4678781e53038e91ea5324530a03f27dc1d0e5f6c9bc9d493a23be9de0,USA
15656,1,11,gamma,,0,1,110.0,f6769bd1324e0e4d7e36d66530aa56240fc9793a68372f0d68a3908a230e769a,USA
15657,0,13,gamma,55.0,1,4,55.8,9b2d5b4678781e53038e91ea5324530a03f27dc1d0e5f6c9bc9d493a23be9de0,USA
15658,0,11,theta,,0,0,51.85,9b2d5b4678781e53038e91ea5324530a03f27dc1d0e5f6c9bc9d493a23be9de0,USA
15659,0,13,theta,38.0,0,0,112.9916,9b2d5b4678781e53038e91ea5324530a03f27dc1d0e5f6c9bc9d493a23be9de0,USA
15660,0,11,theta,71.0,0,0,67.0,d614cbb672fe000ee39c1919e5b034f2e55b702cafaff1a7cc5f37dcf7ad1024,USA
15661,0,13,theta,14.0,4,1,58.25,9b2d5b4678781e53038e91ea5324530a03f27dc1d0e5f6c9bc9d493a23be9de0,Australia
15662,1,13,gamma,11.0,1,1,22.2666,9b2d5b4678781e53038e91ea5324530a03f27dc1d0e5f6c9bc9d493a23be9de0,USA
15663,0,13,theta,31.0,0,0,15.85,9b2d5b4678781e53038e91ea5324530a03f27dc1d0e5f6c9bc9d493a23be9de0,USA
15664,0,11,theta,66.0,0,0,61.3916,724f7bdf7e74a5fe64337203fb8b6ccf4adfc2919665e67a81f02e81752c1c97,Canada
15665,0,13,theta,28.0,1,1,15.7084,9b2d5b4678781e53038e91ea5324530a03f27dc1d0e5f6c9bc9d493a23be9de0,USA
15666,0,13,theta,,3,1,50.9334,9b2d5b4678781e53038e91ea5324530a03f27dc1d0e5f6c9bc9d493a23be9de0,USA
15667,0,11,gamma,60.0,0,0,57.425,b395c26d487171592a90dded0829dbc696ef5cc69d9f4f6f86b3727317836a76,Canada
15668,0,12,theta,40.0,0,0,26.0,9b2d5b4678781e53038e91ea5324530a03f27dc1d0e5f6c9bc9d493a23be9de0,USA
15669,0,13,theta,46.0,0,0,0.0,9b2d5b4678781e53038e91ea5324530a03f27dc1d0e5f6c9bc9d493a23be9de0,USA
15670,0,13,gamma,,8,2,139.1,9b2d5b4678781e53038e91ea5324530a03f27dc1d0e5f6c9bc9d493a23be9de0,USA
15671,0,12,theta,,0,0,30.1,9b2d5b4678781e53038e91ea5324530a03f27dc1d0e5f6c9bc9d493a23be9de0,Canada
15672,0,13,theta,19.0,4,2,62.775,9b2d5b4678781e53038e91ea5324530a03f27dc1d0e5f6c9bc9d493a23be9de0,USA
15673,1,12,theta,11.0,2,1,78.0,015b7913470194d2a46ead719afc7768a3c4e8af770766cfe7898d7d834c0362,USA
15674,1,13,gamma,14.0,0,2,44.05,9b2d5b4678781e53038e91ea5324530a03f27dc1d0e5f6c9bc9d493a23be9de0,USA
15675,0,11,theta,,0,0,100.0,25cac6548e8f6044c8b3e3def19ff83d9c03d38fbc42c09f4d92c36e03c3947e,USA
15676,1,13,gamma,,1,0,31.0,9b2d5b4678781e53038e91ea5324530a03f27dc1d0e5f6c9bc9d493a23be9de0,Australia
15677,1,11,theta,55.0,0,0,53.1,9b2d5b4678781e53038e91ea5324530a03f27dc1d0e5f6c9bc9d493a23be9de0,USA
15678,0,13,theta,50.0,1,1,31.0,9b2d5b4678781e53038e91ea5324530a03f27dc1d0e5f6c9bc9d493a23be9de0,Australia
15679,0,13,theta,46.0,0,0,15.7916,9b2d5b4678781e53038e91ea5324530a03f27dc1d0e5f6c9bc9d493a23be9de0,USA
15680,1,12,gamma,42.0,0,0,26.0,9b2d5b4678781e53038e91ea5324530a03f27dc1d0e5f6c9bc9d493a23be9de0,USA
15681,0,12,theta,29.0,0,0,26.0,9b2d5b4678781e53038e91ea5324530a03f27dc1d0e5f6c9bc9d493a23be9de0,USA
15682,1,13,gamma,29.0,1,0,15.7084,9b2d5b4678781e53038e91ea5324530a03f27dc1d0e5f6c9bc9d493a23be9de0,USA
15683,1,12,theta,13.0,1,1,52.0,8e2de3335023201ffa4d803767bdf12790c58f4f241554c544bde8bf7b8455a4,USA
15684,1,11,gamma,54.0,0,0,55.4416,239fd09dd1c48679b74cec2120cd5e448b002c728c05e9b10f2c19f298fbdd57,Canada
15685,1,11,gamma,68.0,0,0,293.0416,1c39ea482e72bc89a2dcb4ccc5adef01a9532b2e53b1115dbc8247fa2c0237da,Canada
15686,0,13,theta,,0,0,15.5,9b2d5b4678781e53038e91ea5324530a03f27dc1d0e5f6c9bc9d493a23be9de0,Australia
15687,0,13,theta,52.0,0,1,16.8084,9b2d5b4678781e53038e91ea5324530a03f27dc1d0e5f6c9bc9d493a23be9de0,USA
15688,1,13,gamma,,0,0,15.5,9b2d5b4678781e53038e91ea5324530a03f27dc1d0e5f6c9bc9d493a23be9de0,Australia
15689,0,12,gamma,34.0,0,0,26.0,9b2d5b4678781e53038e91ea5324530a03f27dc1d0e5f6c9bc9d493a23be9de0,USA
15690,0,13,theta,38.0,0,0,19.0,9b2d5b4678781e53038e91ea5324530a03f27dc1d0e5f6c9bc9d493a23be9de0,USA
15691,0,13,theta,,8,2,139.1,9b2d5b4678781e53038e91ea5324530a03f27dc1d0e5f6c9bc9d493a23be9de0,USA
15692,0,13,theta,44.0,0,0,12.9916,9b2d5b4678781e53038e91ea5324530a03f27dc1d0e5f6c9bc9d493a23be9de0,USA
15693,0,13,theta,55.5,0,0,14.45,9b2d5b4678781e53038e91ea5324530a03f27dc1d0e5f6c9bc9d493a23be9de0,Canada
15694,1,13,theta,28.0,0,0,16.1,9b2d5b4678781e53038e91ea5324530a03f27dc1d0e5f6c9bc9d493a23be9de0,USA
15695,0,13,gamma,12.0,0,1,20.925,780d558be6960a54064f888577409d1c92eb7c3d6c65e6bf4f286a3e26dde543,USA
15696,0,13,theta,42.0,1,0,31.7,9b2d5b4678781e53038e91ea5324530a03f27dc1d0e5f6c9bc9d493a23be9de0,USA
15697,1,13,theta,36.0,0,0,37.575,9b2d5b4678781e53038e91ea5324530a03f27dc1d0e5f6c9bc9d493a23be9de0,Canada
15698,1,13,gamma,26.0,0,0,15.5,9b2d5b4678781e53038e91ea5324530a03f27dc1d0e5f6c9bc9d493a23be9de0,Australia
15699,1,11,theta,50.0,0,0,62.0,70695fd1d9eef443b2401bd1ace6fe8113e66481ff3529986051dc3ceb2148c8,Canada
15700,0,13,theta,34.0,0,0,14.1,9b2d5b4678781e53038e91ea5324530a03f27dc1d0e5f6c9bc9d493a23be9de0,USA
15701,1,12,gamma,45.0,0,0,42.0,9b2d5b4678781e53038e91ea5324530a03f27dc1d0e5f6c9bc9d493a23be9de0,USA
15702,0,13,theta,32.0,0,0,14.5,9b2d5b4678781e53038e91ea5324530a03f27dc1d0e5f6c9bc9d493a23be9de0,USA
15703,0,12,theta,40.0,0,0,26.0,9b2d5b4678781e53038e91ea5324530a03f27dc1d0e5f6c9bc9d493a23be9de0,USA
15704,0,13,theta,,1,0,15.5,9b2d5b4678781e53038e91ea5324530a03f27dc1d0e5f6c9bc9d493a23be9de0,Australia
15705,1,11,gamma,41.0,1,0,226.55,c1ded8b60ca5b4e1fa94b70d9669bcb5cb14f6da83fea7688e06fb9f53544f97,Canada
15706,1,13,gamma,37.0,0,0,15.85,9b2d5b4678781e53038e91ea5324530a03f27dc1d0e5f6c9bc9d493a23be9de0,USA
15707,0,12,theta,52.0,1,0,54.0,9b2d5b4678781e53038e91ea5324530a03f27dc1d0e5f6c9bc9d493a23be9de0,USA
15708,1,11,gamma,42.0,0,0,152.5834,d91f856d4ffd88ddf00f3febfd01ff9068ac308271e6b6dc4b486c9ea3a3bf23,Canada
15709,0,12,theta,40.0,0,0,21.0,9b2d5b4678781e53038e91ea5324530a03f27dc1d0e5f6c9bc9d493a23be9de0,USA
15710,1,13,theta,26.0,0,0,16.1,9b2d5b4678781e53038e91ea5324530a03f27dc1d0e5f6c9bc9d493a23be9de0,USA
15711,0,12,theta,37.0,0,0,26.0,9b2d5b4678781e53038e91ea5324530a03f27dc1d0e5f6c9bc9d493a23be9de0,USA
15712,0,13,theta,61.0,0,0,16.1,9b2d5b4678781e53038e91ea5324530a03f27dc1d0e5f6c9bc9d493a23be9de0,USA
15713,0,13,theta,,0,0,15.7916,9b2d5b4678781e53038e91ea5324530a03f27dc1d0e5f6c9bc9d493a23be9de0,USA
15714,1,11,theta,48.0,1,0,180.0,07b1e3ae8112fa9c3a4c616ad0e05ec81485abde26bfceef2ea0d9ed86ab8441,USA
15715,0,13,theta,32.0,0,0,18.7,9b2d5b4678781e53038e91ea5324530a03f27dc1d0e5f6c9bc9d493a23be9de0,USA
15716,1,12,theta,29.0,0,0,21.0,9b2d5b4678781e53038e91ea5324530a03f27dc1d0e5f6c9bc9d493a23be9de0,USA
15717,0,13,theta,30.5,0,0,14.5,9b2d5b4678781e53038e91ea5324530a03f27dc1d0e5f6c9bc9d493a23be9de0,USA
15718,0,12,theta,28.0,0,0,26.0,9b2d5b4678781e53038e91ea5324530a03f27dc1d0e5f6c9bc9d493a23be9de0,USA
15719,0,13,gamma,,3,1,50.9334,9b2d5b4678781e53038e91ea5324530a03f27dc1d0e5f6c9bc9d493a23be9de0,USA
15720,1,11,gamma,45.0,1,0,166.95,96e42b813507817206f8f5ec20269933e9049958c9c5a547c5bbd76fc325ba1a,USA
15721,0,13,theta,39.0,0,0,15.55,9b2d5b4678781e53038e91ea5324530a03f27dc1d0e5f6c9bc9d493a23be9de0,USA
15722,0,12,theta,69.0,0,0,27.0,9b2d5b4678781e53038e91ea5324530a03f27dc1d0e5f6c9bc9d493a23be9de0,USA
15723,1,13,gamma,15.0,4,2,62.775,9b2d5b4678781e53038e91ea5324530a03f27dc1d0e5f6c9bc9d493a23be9de0,USA
15724,0,12,theta,34.0,0,0,21.0,9b2d5b4678781e53038e91ea5324530a03f27dc1d0e5f6c9bc9d493a23be9de0,USA
15725,0,13,gamma,,0,0,15.1,9b2d5b4678781e53038e91ea5324530a03f27dc1d0e5f6c9bc9d493a23be9de0,USA
15726,0,12,theta,54.0,1,0,52.0,9b2d5b4678781e53038e91ea5324530a03f27dc1d0e5f6c9bc9d493a23be9de0,USA
15727,1,12,gamma,18.0,0,2,52.5,9b2d5b4678781e53038e91ea5324530a03f27dc1d0e5f6c9bc9d493a23be9de0,USA
15728,0,12,theta,29.0,0,0,21.0,9b2d5b4678781e53038e91ea5324530a03f27dc1d0e5f6c9bc9d493a23be9de0,USA
15729,0,12,theta,43.0,0,0,24.55,9b2d5b4678781e53038e91ea5324530a03f27dc1d0e5f6c9bc9d493a23be9de0,USA
15730,0,13,gamma,,1,0,28.9084,9b2d5b4678781e53038e91ea5324530a03f27dc1d0e5f6c9bc9d493a23be9de0,Canada
15731,1,13,gamma,,1,0,31.0,9b2d5b4678781e53038e91ea5324530a03f27dc1d0e5f6c9bc9d493a23be9de0,Australia
15732,0,12,theta,39.0,0,0,21.0,9b2d5b4678781e53038e91ea5324530a03f27dc1d0e5f6c9bc9d493a23be9de0,USA
15733,0,13,theta,32.0,0,0,14.25,9b2d5b4678781e53038e91ea5324530a03f27dc1d0e5f6c9bc9d493a23be9de0,USA
15734,0,13,theta,40.0,0,0,14.45,9b2d5b4678781e53038e91ea5324530a03f27dc1d0e5f6c9bc9d493a23be9de0,Canada
15735,0,11,theta,54.0,2,0,180.0,3985f7d65f674269a90d08d141a6e94a9dec26b4bcedfde16af9ff03f7a9553c,Australia
15736,0,13,gamma,35.0,0,0,15.55,9b2d5b4678781e53038e91ea5324530a03f27dc1d0e5f6c9bc9d493a23be9de0,USA
15737,1,12,gamma,34.0,0,2,29.0,9b2d5b4678781e53038e91ea5324530a03f27dc1d0e5f6c9bc9d493a23be9de0,USA
15738,1,11,theta,47.0,1,1,105.1084,a5882870f8cff482dc6f0292fa5530fa6b8e637bcb12fd88738f6859c66d9ac2,USA
15739,0,12,theta,64.0,1,0,52.0,9b2d5b4678781e53038e91ea5324530a03f27dc1d0e5f6c9bc9d493a23be9de0,USA
15740,0,13,theta,,0,0,14.5,9b2d5b4678781e53038e91ea5324530a03f27dc1d0e5f6c9bc9d493a23be9de0,USA
15741,0,13,gamma,39.0,1,1,20.925,780d558be6960a54064f888577409d1c92eb7c3d6c65e6bf4f286a3e26dde543,USA
15742,0,11,theta,72.0,0,0,53.1,48626fe99eea3243ffb9cd4f00d76a9b356a27395b1c72c23b1c8d248119ca45,USA
15743,0,13,theta,40.0,1,0,32.2,9b2d5b4678781e53038e91ea5324530a03f27dc1d0e5f6c9bc9d493a23be9de0,USA
15744,0,13,gamma,51.0,0,2,40.425,9b2d5b4678781e53038e91ea5324530a03f27dc1d0e5f6c9bc9d493a23be9de0,USA
15745,1,13,gamma,39.0,0,2,30.4916,9b2d5b4678781e53038e91ea5324530a03f27dc1d0e5f6c9bc9d493a23be9de0,Canada
15746,1,11,gamma,,0,0,158.4,9b2d5b4678781e53038e91ea5324530a03f27dc1d0e5f6c9bc9d493a23be9de0,Canada
15747,1,11,gamma,40.0,0,0,173.0,7e08c42e4ed0c7b8564a761383b0927a7d90dfc66ea8c99c8ebd19b743fcd821,USA
15748,1,11,gamma,45.0,0,0,1024.6584,9b2d5b4678781e53038e91ea5324530a03f27dc1d0e5f6c9bc9d493a23be9de0,Canada
15749,1,12,gamma,60.0,0,1,52.0,9b2d5b4678781e53038e91ea5324530a03f27dc1d0e5f6c9bc9d493a23be9de0,USA
15750,0,13,theta,,0,0,15.5,9b2d5b4678781e53038e91ea5324530a03f27dc1d0e5f6c9bc9d493a23be9de0,Australia
15751,1,13,theta,13.0,4,2,62.775,9b2d5b4678781e53038e91ea5324530a03f27dc1d0e5f6c9bc9d493a23be9de0,USA
15752,0,11,theta,62.0,1,1,159.3,1aa01628a8d946b198f7e62ed3ead50bec11d2d5ff75bc2d6ccf3bab176baccc,USA
15753,0,11,theta,50.0,0,0,0.0,90cd4a827260c016de7c88cf869bcbd5dd72f36b1fa37aedb6beb5df96533695,USA
15754,0,13,gamma,,0,0,15.5,9b2d5b4678781e53038e91ea5324530a03f27dc1d0e5f6c9bc9d493a23be9de0,Australia
15755,0,12,theta,46.0,0,0,21.0,9b2d5b4678781e53038e91ea5324530a03f27dc1d0e5f6c9bc9d493a23be9de0,USA
15756,0,13,theta,26.0,4,1,79.375,9b2d5b4678781e53038e91ea5324530a03f27dc1d0e5f6c9bc9d493a23be9de0,USA
15757,1,13,theta,35.0,1,0,15.55,9b2d5b4678781e53038e91ea5324530a03f27dc1d0e5f6c9bc9d493a23be9de0,USA
15758,1,11,gamma,68.0,0,1,306.925,138934917dd656ee435ecfcd2434e53133bbf7d293b25a1f7debcf01f2e50071,USA
15759,1,11,gamma,45.0,0,0,271.2666,1b8109664cb6e461f4d7c4ff37c06bae5f3de0a41e500c577bef8b7eca3578ed,USA
15760,0,11,theta,,0,0,62.0,9b2d5b4678781e53038e91ea5324530a03f27dc1d0e5f6c9bc9d493a23be9de0,USA
15761,1,13,theta,35.0,0,0,0.0,9b2d5b4678781e53038e91ea5324530a03f27dc1d0e5f6c9bc9d493a23be9de0,USA
15762,1,12,gamma,51.0,0,1,39.0,9b2d5b4678781e53038e91ea5324530a03f27dc1d0e5f6c9bc9d493a23be9de0,USA
15763,0,11,theta,47.0,0,1,59.4,14ee8c80d47b1be17a160b498362527a11f1210b5506fab7009416ffe84428d6,Canada
15764,1,13,gamma,,0,0,15.5,9b2d5b4678781e53038e91ea5324530a03f27dc1d0e5f6c9bc9d493a23be9de0,Australia
15765,1,11,gamma,73.0,1,0,155.9166,2f434ba53bd39e7933d7e12070c4a783c41b3f1c68d9f14008cb29f7c3871a1e,USA
15766,0,13,gamma,55.0,0,0,15.5,9b2d5b4678781e53038e91ea5324530a03f27dc1d0e5f6c9bc9d493a23be9de0,USA
15767,0,12,theta,,0,0,0.0,9b2d5b4678781e53038e91ea5324530a03f27dc1d0e5f6c9bc9d493a23be9de0,USA
15768,0,13,theta,17.0,4,1,58.25,9b2d5b4678781e53038e91ea5324530a03f27dc1d0e5f6c9bc9d493a23be9de0,Australia
15769,1,13,gamma,45.0,1,1,40.5,9b2d5b4678781e53038e91ea5324530a03f27dc1d0e5f6c9bc9d493a23be9de0,USA
15770,0,13,theta,75.0,0,0,15.5,9b2d5b4678781e53038e91ea5324530a03f27dc1d0e5f6c9bc9d493a23be9de0,Australia
15771,0,13,theta,38.0,0,0,15.7084,9b2d5b4678781e53038e91ea5324530a03f27dc1d0e5f6c9bc9d493a23be9de0,USA
15772,0,13,theta,26.0,0,0,19.0,9b2d5b4678781e53038e91ea5324530a03f27dc1d0e5f6c9bc9d493a23be9de0,USA
15773,1,13,theta,29.0,0,0,16.1,9b2d5b4678781e53038e91ea5324530a03f27dc1d0e5f6c9bc9d493a23be9de0,USA
15774,0,11,theta,,0,0,52.0,9f426250ab1e75ba03c903aab350b75b928a83a12b2e651b5b6fb947b15481c1,USA
15775,0,13,theta,43.0,0,0,17.325,9b2d5b4678781e53038e91ea5324530a03f27dc1d0e5f6c9bc9d493a23be9de0,Canada
15776,1,13,theta,40.0,0,0,19.0,9b2d5b4678781e53038e91ea5324530a03f27dc1d0e5f6c9bc9d493a23be9de0,USA
15777,0,13,theta,32.0,0,0,15.7916,9b2d5b4678781e53038e91ea5324530a03f27dc1d0e5f6c9bc9d493a23be9de0,USA
15778,1,12,theta,52.0,0,0,26.0,9b2d5b4678781e53038e91ea5324530a03f27dc1d0e5f6c9bc9d493a23be9de0,USA
15779,1,13,gamma,32.0,0,0,15.5,9b2d5b4678781e53038e91ea5324530a03f27dc1d0e5f6c9bc9d493a23be9de0,Australia
15780,1,11,gamma,36.0,0,0,157.7,9b2d5b4678781e53038e91ea5324530a03f27dc1d0e5f6c9bc9d493a23be9de0,USA
15781,1,11,gamma,29.0,1,0,182.1584,2148b60771270f3f8acecb73410e0a7fb06dfc8192df52aa9ca91923d85a5cbc,Canada
15782,0,12,theta,46.0,0,0,25.75,3f39d5c348e5b79d06e842c114e6cc571583bbf44e4b0ebfda1a01ec05745d43,Canada
15783,0,13,gamma,34.0,0,0,17.7,9b2d5b4678781e53038e91ea5324530a03f27dc1d0e5f6c9bc9d493a23be9de0,USA
15784,0,13,theta,34.0,0,0,15.7916,9b2d5b4678781e53038e91ea5324530a03f27dc1d0e5f6c9bc9d493a23be9de0,USA
15785,0,11,theta,,0,0,55.4416,9b2d5b4678781e53038e91ea5324530a03f27dc1d0e5f6c9bc9d493a23be9de0,Canada
15786,0,13,theta,33.5,0,0,14.4584,9b2d5b4678781e53038e91ea5324530a03f27dc1d0e5f6c9bc9d493a23be9de0,Canada
15787,0,11,gamma,12.0,1,2,303.1,8383f5026533caa5efd695ad9e174cc65d739cbb680f0e237ad3627343bdb74f,USA
15788,1,11,theta,,0,0,61.0,78efe8989641ee84163f22dbaf5828087ec6c865084d426a6c4a3d3eb6a75491,USA
15789,1,11,gamma,60.0,0,1,495.0416,f8bbbdaaa06162ba302b171170c4d9da650747734bc10a148375d02ed849a38b,Canada
15790,1,13,gamma,,0,0,15.5,9b2d5b4678781e53038e91ea5324530a03f27dc1d0e5f6c9bc9d493a23be9de0,Australia
15791,1,13,theta,,2,0,46.5,9b2d5b4678781e53038e91ea5324530a03f27dc1d0e5f6c9bc9d493a23be9de0,Australia
15792,0,13,theta,29.0,0,0,0.0,9b2d5b4678781e53038e91ea5324530a03f27dc1d0e5f6c9bc9d493a23be9de0,USA
15793,1,12,gamma,,0,0,24.7,85c134f55482319d860bd23bfa25054fcce14e20b57de3327680aecd58d273b7,Australia
15794,0,13,theta,,0,0,16.1,9b2d5b4678781e53038e91ea5324530a03f27dc1d0e5f6c9bc9d493a23be9de0,USA
15795,1,11,theta,10.92,1,2,303.1,8383f5026533caa5efd695ad9e174cc65d739cbb680f0e237ad3627343bdb74f,USA
15796,1,11,gamma,,0,0,221.7666,9b2d5b4678781e53038e91ea5324530a03f27dc1d0e5f6c9bc9d493a23be9de0,Canada
15797,1,11,gamma,27.0,1,0,217.8,fc937b773b3db7276473bcde7f525158b2609bf2e2d8c3c11961f1afad969fa0,Canada
15798,0,12,theta,40.0,1,0,48.0,9b2d5b4678781e53038e91ea5324530a03f27dc1d0e5f6c9bc9d493a23be9de0,Canada
15799,1,11,gamma,40.0,0,0,113.8584,e70ba215a23e2c438f86bc8ddf119c579b7bff180841c6bea16c8b32ddfc7dea,Canada
15800,1,11,gamma,34.0,0,0,166.3166,6a44b555fef365ccdd36d27fa519f6bc7c2a556bfa63c04b500906eb6b4f4bab,Canada
15801,1,11,gamma,28.0,2,2,524.75,dc3ea4677af595617fd4caf26cf81277fb877503b6885db3261d68dc0e7f80ee,Canada
15802,0,12,gamma,36.0,1,1,52.0,9b2d5b4678781e53038e91ea5324530a03f27dc1d0e5f6c9bc9d493a23be9de0,USA
15803,0,13,theta,38.0,0,0,15.7916,9b2d5b4678781e53038e91ea5324530a03f27dc1d0e5f6c9bc9d493a23be9de0,USA
15804,0,12,theta,53.0,1,1,52.5,9b2d5b4678781e53038e91ea5324530a03f27dc1d0e5f6c9bc9d493a23be9de0,USA
15805,1,13,gamma,36.0,0,0,15.7084,9b2d5b4678781e53038e91ea5324530a03f27dc1d0e5f6c9bc9d493a23be9de0,USA
15806,1,12,gamma,34.0,1,0,52.0,9b2d5b4678781e53038e91ea5324530a03f27dc1d0e5f6c9bc9d493a23be9de0,USA
15807,0,12,theta,64.0,0,0,28.0,9b2d5b4678781e53038e91ea5324530a03f27dc1d0e5f6c9bc9d493a23be9de0,USA
15808,1,11,gamma,41.0,0,2,329.7334,f167717fb2ed36e774225dd5b609cd208e028ba12cfc08946de444227e4e80d2,USA
15809,1,11,gamma,50.0,1,1,269.0,85819be79f31aeb746251daac765c03d826025b366df8e777edf28812d948f72,Canada
15810,0,13,theta,32.0,0,0,14.5,9b2d5b4678781e53038e91ea5324530a03f27dc1d0e5f6c9bc9d493a23be9de0,USA
15811,0,13,theta,37.0,0,0,15.7916,9b2d5b4678781e53038e91ea5324530a03f27dc1d0e5f6c9bc9d493a23be9de0,USA
15812,1,12,gamma,40.0,0,0,24.7,9b2d5b4678781e53038e91ea5324530a03f27dc1d0e5f6c9bc9d493a23be9de0,Australia
15813,1,12,gamma,32.0,1,1,58.0,9b2d5b4678781e53038e91ea5324530a03f27dc1d0e5f6c9bc9d493a23be9de0,USA
15814,0,13,theta,,8,2,139.1,9b2d5b4678781e53038e91ea5324530a03f27dc1d0e5f6c9bc9d493a23be9de0,USA
15815,1,11,gamma,46.0,0,0,271.2666,fb44388faf2a4c02c6e64ada837ee39b2af11e805c12a9f25390281d3b65c87c,Canada
15816,0,13,theta,71.0,0,0,12.475,9b2d5b4678781e53038e91ea5324530a03f27dc1d0e5f6c9bc9d493a23be9de0,USA
15817,1,12,gamma,46.0,0,0,26.0,3f39d5c348e5b79d06e842c114e6cc571583bbf44e4b0ebfda1a01ec05745d43,USA
15818,1,13,gamma,41.0,1,1,41.05,9b2d5b4678781e53038e91ea5324530a03f27dc1d0e5f6c9bc9d493a23be9de0,USA
15819,1,11,gamma,26.0,0,1,115.9584,00ceeab4df7002aad9c625c69e81c47d07f71027ad3600787a73c7e91fdf8d61,Canada
15820,1,13,gamma,,2,0,46.5,9b2d5b4678781e53038e91ea5324530a03f27dc1d0e5f6c9bc9d493a23be9de0,Australia
15821,0,11,theta,55.5,0,0,57.0,3241a3009222adcfd375825dcd95bd9c5c17a5e37e76cc04c121faa2f2fe569e,USA
15822,0,11,theta,48.0,0,1,306.925,6ab09b834603a8cb76aadd2417233a4b05e9328f21fdde6e1b95340e0eb38409,USA
15823,0,13,theta,26.0,2,0,36.0,9b2d5b4678781e53038e91ea5324530a03f27dc1d0e5f6c9bc9d493a23be9de0,USA
15824,1,11,gamma,,1,0,267.3,9b2d5b4678781e53038e91ea5324530a03f27dc1d0e5f6c9bc9d493a23be9de0,USA
15825,0,13,theta,,0,0,15.7916,9b2d5b4678781e53038e91ea5324530a03f27dc1d0e5f6c9bc9d493a23be9de0,USA
15826,0,11,theta,39.0,1,0,133.2,9685eb765661ea3b95f31e1bb3c3b5501d0c2acdf353feeaa4d8fe32f95f77fb,USA
15827,1,11,gamma,51.0,0,0,269.0,74e2b74d16f576c9ef12fc6c01a377299ec88294d40f21bb0bef6b8a74a8a73f,Canada
15828,1,13,theta,55.0,0,0,16.1,9b2d5b4678781e53038e91ea5324530a03f27dc1d0e5f6c9bc9d493a23be9de0,USA
15829,0,11,theta,55.0,0,0,71.0,e632b7095b0bf32c260fa4c539e9fd7b852d0de454e9be26f24d0d6f91d069d3,USA
15830,1,12,theta,12.0,1,1,52.0,8e2de3335023201ffa4d803767bdf12790c58f4f241554c544bde8bf7b8455a4,USA
15831,1,11,gamma,34.0,3,2,526.0,f0d3a2a5176986eddfdd60b0b303d8fd7c4dfe3060479feee41224ef86f7174a,USA
15832,0,12,theta,38.0,0,0,26.0,9b2d5b4678781e53038e91ea5324530a03f27dc1d0e5f6c9bc9d493a23be9de0,USA
15833,0,12,theta,35.0,0,0,26.0,9b2d5b4678781e53038e91ea5324530a03f27dc1d0e5f6c9bc9d493a23be9de0,USA
15834,0,12,theta,46.0,0,0,26.0,9b2d5b4678781e53038e91ea5324530a03f27dc1d0e5f6c9bc9d493a23be9de0,USA
15835,1,12,gamma,34.0,0,0,26.0,16ee13fe0dd987f3ef966e930adebd1e4f5d40f6180ac7eadb416079d5c637f1,USA
15836,1,12,gamma,50.0,0,0,26.0,9b2d5b4678781e53038e91ea5324530a03f27dc1d0e5f6c9bc9d493a23be9de0,USA
15837,1,13,gamma,,1,0,32.2,9b2d5b4678781e53038e91ea5324530a03f27dc1d0e5f6c9bc9d493a23be9de0,USA
15838,1,13,theta,13.0,1,1,31.8,9b2d5b4678781e53038e91ea5324530a03f27dc1d0e5f6c9bc9d493a23be9de0,USA
15839,0,13,theta,52.0,0,0,17.325,9b2d5b4678781e53038e91ea5324530a03f27dc1d0e5f6c9bc9d493a23be9de0,USA
15840,0,13,theta,33.0,0,0,18.45,9b2d5b4678781e53038e91ea5324530a03f27dc1d0e5f6c9bc9d493a23be9de0,USA
15841,0,11,theta,,0,0,70.0,f2489747780871a82ed877bb43677a1b1b4b230e3d62106d04f0d403f1ce770f,USA
15842,0,13,theta,25.0,1,1,14.4584,9b2d5b4678781e53038e91ea5324530a03f27dc1d0e5f6c9bc9d493a23be9de0,Canada
15843,0,13,theta,35.0,1,0,35.6,9b2d5b4678781e53038e91ea5324530a03f27dc1d0e5f6c9bc9d493a23be9de0,USA
15844,0,13,theta,,0,0,14.45,9b2d5b4678781e53038e91ea5324530a03f27dc1d0e5f6c9bc9d493a23be9de0,Canada
15845,0,13,theta,38.0,0,0,19.0,9b2d5b4678781e53038e91ea5324530a03f27dc1d0e5f6c9bc9d493a23be9de0,USA
15846,1,11,gamma,32.0,0,1,110.0,f6769bd1324e0e4d7e36d66530aa56240fc9793a68372f0d68a3908a230e769a,USA
15847,0,12,gamma,48.0,0,0,26.0,9b2d5b4678781e53038e91ea5324530a03f27dc1d0e5f6c9bc9d493a23be9de0,USA
15848,1,13,gamma,,0,0,15.7584,9b2d5b4678781e53038e91ea5324530a03f27dc1d0e5f6c9bc9d493a23be9de0,Australia
15849,1,13,gamma,,0,0,15.7584,9b2d5b4678781e53038e91ea5324530a03f27dc1d0e5f6c9bc9d493a23be9de0,Australia
15850,0,13,theta,50.0,1,4,55.8,9b2d5b4678781e53038e91ea5324530a03f27dc1d0e5f6c9bc9d493a23be9de0,USA
15851,0,12,theta,39.0,1,0,55.4416,9b2d5b4678781e53038e91ea5324530a03f27dc1d0e5f6c9bc9d493a23be9de0,Canada
15852,0,13,gamma,55.0,0,1,28.9084,9b2d5b4678781e53038e91ea5324530a03f27dc1d0e5f6c9bc9d493a23be9de0,Canada
15853,0,13,theta,45.0,0,0,14.1,9b2d5b4678781e53038e91ea5324530a03f27dc1d0e5f6c9bc9d493a23be9de0,USA
15854,0,13,theta,,1,0,31.0,9b2d5b4678781e53038e91ea5324530a03f27dc1d0e5f6c9bc9d493a23be9de0,Australia
15855,0,13,theta,40.0,0,0,14.5,9b2d5b4678781e53038e91ea5324530a03f27dc1d0e5f6c9bc9d493a23be9de0,USA
15856,1,11,gamma,70.0,1,0,150.5,6ad1be13d317c99c8581a5b24d3d837fe3eedd1b4c88b3086c2f5582fc639a68,Canada
15857,1,13,gamma,,0,0,14.4584,9b2d5b4678781e53038e91ea5324530a03f27dc1d0e5f6c9bc9d493a23be9de0,Canada
15858,1,13,gamma,,0,0,15.5,9b2d5b4678781e53038e91ea5324530a03f27dc1d0e5f6c9bc9d493a23be9de0,Australia
15859,1,11,gamma,34.0,0,0,138.6,1f1b443b8c4bc85685c1b0e75679578c043337813e15dfb5e92e77b54c65c157,Canada
15860,1,11,theta,35.0,1,0,110.8834,ce049d6c20e0cb14ce958c5b1cbae910719a7bfda172075087d9db6f5d37ec0b,Canada
15861,0,13,theta,28.0,1,0,12.9916,9b2d5b4678781e53038e91ea5324530a03f27dc1d0e5f6c9bc9d493a23be9de0,USA
15862,0,13,theta,29.0,0,0,16.1,9b2d5b4678781e53038e91ea5324530a03f27dc1d0e5f6c9bc9d493a23be9de0,USA
15863,0,11,theta,32.0,0,0,271.2666,9b2d5b4678781e53038e91ea5324530a03f27dc1d0e5f6c9bc9d493a23be9de0,Canada
15864,0,13,gamma,13.0,3,1,42.15,9b2d5b4678781e53038e91ea5324530a03f27dc1d0e5f6c9bc9d493a23be9de0,USA
15865,1,11,gamma,,1,0,164.3416,9b2d5b4678781e53038e91ea5324530a03f27dc1d0e5f6c9bc9d493a23be9de0,Canada
15866,1,13,gamma,32.0,0,0,14.5,9b2d5b4678781e53038e91ea5324530a03f27dc1d0e5f6c9bc9d493a23be9de0,USA
15867,0,11,theta,37.0,0,2,423.0,119cf09eea17257651a5e3839222dba726ddd878b8feddd2ea0cc3d5914e67b7,Canada
15868,0,13,theta,30.0,0,0,8.025,9b2d5b4678781e53038e91ea5324530a03f27dc1d0e5f6c9bc9d493a23be9de0,Canada
15869,0,13,theta,29.0,0,0,15.55,9b2d5b4678781e53038e91ea5324530a03f27dc1d0e5f6c9bc9d493a23be9de0,USA
15870,1,11,gamma,52.0,0,0,455.05,9b2d5b4678781e53038e91ea5324530a03f27dc1d0e5f6c9bc9d493a23be9de0,Canada
15871,1,13,gamma,11.0,0,2,31.4834,9b2d5b4678781e53038e91ea5324530a03f27dc1d0e5f6c9bc9d493a23be9de0,Canada
15872,0,13,theta,42.0,0,0,15.85,9b2d5b4678781e53038e91ea5324530a03f27dc1d0e5f6c9bc9d493a23be9de0,USA
15873,1,11,gamma,45.0,1,0,104.0,9b2d5b4678781e53038e91ea5324530a03f27dc1d0e5f6c9bc9d493a23be9de0,USA
15874,0,13,theta,,0,0,15.7916,9b2d5b4678781e53038e91ea5324530a03f27dc1d0e5f6c9bc9d493a23be9de0,USA
15875,0,12,theta,28.0,0,0,147.0,9b2d5b4678781e53038e91ea5324530a03f27dc1d0e5f6c9bc9d493a23be9de0,USA
15876,0,13,theta,11.0,5,2,93.8,9b2d5b4678781e53038e91ea5324530a03f27dc1d0e5f6c9bc9d493a23be9de0,USA
15877,1,12,gamma,46.0,0,0,26.0,9b2d5b4678781e53038e91ea5324530a03f27dc1d0e5f6c9bc9d493a23be9de0,USA
15878,0,13,theta,,0,0,15.4584,9b2d5b4678781e53038e91ea5324530a03f27dc1d0e5f6c9bc9d493a23be9de0,Australia
15879,1,12,gamma,27.0,0,0,24.0,9b2d5b4678781e53038e91ea5324530a03f27dc1d0e5f6c9bc9d493a23be9de0,Canada
15880,1,11,theta,46.0,1,2,240.0,cec0a7de7f8d6fc385250a76e38555a1f45fd5aaeb1a2ba3dbdf90a049bb0681,USA
15881,1,13,theta,31.0,0,0,15.5916,9b2d5b4678781e53038e91ea5324530a03f27dc1d0e5f6c9bc9d493a23be9de0,USA
15882,0,13,theta,38.0,2,0,15.85,9b2d5b4678781e53038e91ea5324530a03f27dc1d0e5f6c9bc9d493a23be9de0,USA
15883,1,11,gamma,33.0,1,0,226.55,c1ded8b60ca5b4e1fa94b70d9669bcb5cb14f6da83fea7688e06fb9f53544f97,Canada
15884,1,13,gamma,34.0,0,2,33.4,780d558be6960a54064f888577409d1c92eb7c3d6c65e6bf4f286a3e26dde543,USA
15885,0,13,theta,32.0,0,0,15.5916,9b2d5b4678781e53038e91ea5324530a03f27dc1d0e5f6c9bc9d493a23be9de0,USA
15886,0,13,gamma,41.0,0,0,15.7084,9b2d5b4678781e53038e91ea5324530a03f27dc1d0e5f6c9bc9d493a23be9de0,USA
15887,0,12,theta,56.0,0,0,52.0,9b2d5b4678781e53038e91ea5324530a03f27dc1d0e5f6c9bc9d493a23be9de0,USA
15888,0,12,theta,33.0,0,0,21.0,9b2d5b4678781e53038e91ea5324530a03f27dc1d0e5f6c9bc9d493a23be9de0,USA
15889,1,12,gamma,38.0,0,0,25.3,9b2d5b4678781e53038e91ea5324530a03f27dc1d0e5f6c9bc9d493a23be9de0,USA
15890,1,13,theta,49.0,0,0,15.85,9b2d5b4678781e53038e91ea5324530a03f27dc1d0e5f6c9bc9d493a23be9de0,USA
15891,0,13,theta,36.0,0,0,16.1,9b2d5b4678781e53038e91ea5324530a03f27dc1d0e5f6c9bc9d493a23be9de0,USA
15892,0,13,gamma,31.0,1,0,19.65,9b2d5b4678781e53038e91ea5324530a03f27dc1d0e5f6c9bc9d493a23be9de0,USA
15893,0,13,theta,38.0,1,0,31.7,9b2d5b4678781e53038e91ea5324530a03f27dc1d0e5f6c9bc9d493a23be9de0,USA
15894,0,13,gamma,30.0,0,0,17.325,9b2d5b4678781e53038e91ea5324530a03f27dc1d0e5f6c9bc9d493a23be9de0,USA
15895,0,12,theta,44.0,1,0,42.0,9b2d5b4678781e53038e91ea5324530a03f27dc1d0e5f6c9bc9d493a23be9de0,USA
15896,0,13,theta,61.0,0,0,15.5,9b2d5b4678781e53038e91ea5324530a03f27dc1d0e5f6c9bc9d493a23be9de0,USA
15897,1,12,theta,13.0,1,1,37.5,9b2d5b4678781e53038e91ea5324530a03f27dc1d0e5f6c9bc9d493a23be9de0,USA
15898,0,13,theta,31.0,0,0,15.55,9b2d5b4678781e53038e91ea5324530a03f27dc1d0e5f6c9bc9d493a23be9de0,USA
15899,0,13,gamma,,3,1,50.9334,9b2d5b4678781e53038e91ea5324530a03f27dc1d0e5f6c9bc9d493a23be9de0,USA
15900,0,13,theta,,0,0,15.7916,9b2d5b4678781e53038e91ea5324530a03f27dc1d0e5f6c9bc9d493a23be9de0,USA
15901,0,13,theta,,0,0,13.7166,9b2d5b4678781e53038e91ea5324530a03f27dc1d0e5f6c9bc9d493a23be9de0,Australia
15902,1,11,gamma,43.0,1,0,180.0,3985f7d65f674269a90d08d141a6e94a9dec26b4bcedfde16af9ff03f7a9553c,Australia
15903,0,12,theta,,0,0,0.0,9b2d5b4678781e53038e91ea5324530a03f27dc1d0e5f6c9bc9d493a23be9de0,USA
15904,1,13,theta,54.0,0,0,15.85,9b2d5b4678781e53038e91ea5324530a03f27dc1d0e5f6c9bc9d493a23be9de0,USA
15905,0,13,gamma,,0,0,16.1,9b2d5b4678781e53038e91ea5324530a03f27dc1d0e5f6c9bc9d493a23be9de0,USA
15906,1,12,gamma,44.0,1,1,65.0,9b2d5b4678781e53038e91ea5324530a03f27dc1d0e5f6c9bc9d493a23be9de0,USA
15907,1,12,gamma,28.0,0,2,26.0,9b2d5b4678781e53038e91ea5324530a03f27dc1d0e5f6c9bc9d493a23be9de0,USA
15908,0,12,theta,40.0,0,0,26.0,9b2d5b4678781e53038e91ea5324530a03f27dc1d0e5f6c9bc9d493a23be9de0,USA
15909,0,13,gamma,20.0,0,2,48.3,9b2d5b4678781e53038e91ea5324530a03f27dc1d0e5f6c9bc9d493a23be9de0,USA
15910,0,13,theta,,0,0,15.7916,9b2d5b4678781e53038e91ea5324530a03f27dc1d0e5f6c9bc9d493a23be9de0,Canada
15911,0,13,theta,31.0,0,0,15.4666,9b2d5b4678781e53038e91ea5324530a03f27dc1d0e5f6c9bc9d493a23be9de0,Australia
15912,0,13,theta,39.0,0,0,15.75,9b2d5b4678781e53038e91ea5324530a03f27dc1d0e5f6c9bc9d493a23be9de0,USA
15913,0,13,gamma,38.0,1,1,28.8,9b2d5b4678781e53038e91ea5324530a03f27dc1d0e5f6c9bc9d493a23be9de0,USA
15914,0,13,theta,28.0,1,1,40.425,9b2d5b4678781e53038e91ea5324530a03f27dc1d0e5f6c9bc9d493a23be9de0,USA
15915,0,13,theta,,0,0,14.5,9b2d5b4678781e53038e91ea5324530a03f27dc1d0e5f6c9bc9d493a23be9de0,USA
15916,1,12,gamma,38.0,1,0,52.0,9b2d5b4678781e53038e91ea5324530a03f27dc1d0e5f6c9bc9d493a23be9de0,USA
15917,1,12,gamma,29.0,0,0,52.0,9b2d5b4678781e53038e91ea5324530a03f27dc1d0e5f6c9bc9d493a23be9de0,USA
15918,0,13,theta,,0,0,15.5,9b2d5b4678781e53038e91ea5324530a03f27dc1d0e5f6c9bc9d493a23be9de0,Australia
15919,1,13,theta,42.0,0,0,16.1,334908efbe3f2ca9f7c602d0121d0d4bef394130e1eb1ff21a1879a12b0bceb6,USA
15920,1,11,theta,38.0,0,0,53.1,8bcd382724ad10f5fa61a06ec296715b408693f3dad6b73aaff04a7c0100cd69,USA
15921,1,13,gamma,,1,0,32.2,9b2d5b4678781e53038e91ea5324530a03f27dc1d0e5f6c9bc9d493a23be9de0,USA
15922,1,12,gamma,52.0,1,0,52.0,9b2d5b4678781e53038e91ea5324530a03f27dc1d0e5f6c9bc9d493a23be9de0,USA
15923,0,13,theta,27.0,0,0,14.25,9b2d5b4678781e53038e91ea5324530a03f27dc1d0e5f6c9bc9d493a23be9de0,USA
15924,0,11,theta,60.0,1,0,111.8,e57843bfc3d6be872720d53d6f87f5ea8aadc3c6b70a30df413ff405cf6dd27e,USA
15925,1,11,gamma,24.0,1,2,240.0,cec0a7de7f8d6fc385250a76e38555a1f45fd5aaeb1a2ba3dbdf90a049bb0681,USA
15926,0,13,gamma,31.0,2,2,68.75,9b2d5b4678781e53038e91ea5324530a03f27dc1d0e5f6c9bc9d493a23be9de0,USA
15927,1,12,gamma,34.0,2,3,37.5,9b2d5b4678781e53038e91ea5324530a03f27dc1d0e5f6c9bc9d493a23be9de0,USA
15928,0,11,theta,74.0,1,4,526.0,f0d3a2a5176986eddfdd60b0b303d8fd7c4dfe3060479feee41224ef86f7174a,USA
15929,0,12,theta,41.0,0,0,21.0,9b2d5b4678781e53038e91ea5324530a03f27dc1d0e5f6c9bc9d493a23be9de0,USA
15930,1,12,gamma,55.0,1,1,52.5,9b2d5b4678781e53038e91ea5324530a03f27dc1d0e5f6c9bc9d493a23be9de0,USA
15931,0,13,theta,30.0,0,0,19.0,9b2d5b4678781e53038e91ea5324530a03f27dc1d0e5f6c9bc9d493a23be9de0,USA
15932,0,13,theta,35.0,1,0,15.55,9b2d5b4678781e53038e91ea5324530a03f27dc1d0e5f6c9bc9d493a23be9de0,USA
15933,1,12,gamma,38.0,0,0,26.0,9b2d5b4678781e53038e91ea5324530a03f27dc1d0e5f6c9bc9d493a23be9de0,USA
15934,1,13,theta,,0,0,16.225,9b2d5b4678781e53038e91ea5324530a03f27dc1d0e5f6c9bc9d493a23be9de0,USA
15935,1,11,theta,14.0,0,2,163.7166,ba63c36f88f91aac234ffd68a1f9e2756066f4dd9b4a83d3d41f7001cc11ea1a,USA
15936,1,12,gamma,23.0,0,1,39.0,9b2d5b4678781e53038e91ea5324530a03f27dc1d0e5f6c9bc9d493a23be9de0,USA
15937,1,11,theta,44.0,0,0,53.1,9b2d5b4678781e53038e91ea5324530a03f27dc1d0e5f6c9bc9d493a23be9de0,USA
15938,1,13,gamma,15.0,2,1,38.5166,9b2d5b4678781e53038e91ea5324530a03f27dc1d0e5f6c9bc9d493a23be9de0,Canada
15939,1,11,theta,62.0,0,0,61.0,75be227ad43ad247011c62ef505b1f7fe30bf7a1af2e6f3853c9746326c4eb1e,USA
15940,0,12,theta,46.0,1,2,55.5,9b2d5b4678781e53038e91ea5324530a03f27dc1d0e5f6c9bc9d493a23be9de0,USA
15941,0,13,theta,,1,0,39.9334,9b2d5b4678781e53038e91ea5324530a03f27dc1d0e5f6c9bc9d493a23be9de0,USA
15942,0,11,theta,40.0,0,0,55.5,241a58e62224983283f443df870777a779db375012000e524e8c5d42cc4beede,Canada
15943,1,11,theta,59.0,1,0,178.2084,4f7d268dd72e145375135b90d8d81cb64b8b0743b31eb2f2d7c4562233f972b3,Canada
15944,0,13,theta,,0,0,16.1,9b2d5b4678781e53038e91ea5324530a03f27dc1d0e5f6c9bc9d493a23be9de0,USA
15945,1,13,theta,39.0,0,0,15.7916,9b2d5b4678781e53038e91ea5324530a03f27dc1d0e5f6c9bc9d493a23be9de0,Canada
15946,0,11,theta,75.0,0,0,53.1,5caf6a6116b8a46e9672324d055f4c00268c6c025ba34ddb9b2b6c7b07480cf3,USA
15947,1,11,gamma,,1,0,103.725,fa267bb037d77a0599298151783319ce7a4ff032983503ee466717e814e43207,USA
15948,1,12,gamma,60.0,0,0,21.0,9b2d5b4678781e53038e91ea5324530a03f27dc1d0e5f6c9bc9d493a23be9de0,USA
15949,0,13,theta,,0,0,15.5,9b2d5b4678781e53038e91ea5324530a03f27dc1d0e5f6c9bc9d493a23be9de0,Australia
15950,1,11,theta,58.0,0,0,53.1,0bc066aabf4b5141af8c0764e4c198037eb70f116c7740b59facc2e2bf1a7277,USA
15951,0,13,theta,44.0,0,0,16.1,9b2d5b4678781e53038e91ea5324530a03f27dc1d0e5f6c9bc9d493a23be9de0,USA
15952,0,11,theta,57.0,0,0,77.0,3cab31d16c142a184623772896868ee9da5aef6009c7e14547ced3ed774978d9,USA
15953,0,12,theta,58.0,0,0,26.0,9b2d5b4678781e53038e91ea5324530a03f27dc1d0e5f6c9bc9d493a23be9de0,USA
15954,0,13,theta,,0,0,16.1,9b2d5b4678781e53038e91ea5324530a03f27dc1d0e5f6c9bc9d493a23be9de0,USA
15955,0,13,theta,48.0,0,0,14.1,9b2d5b4678781e53038e91ea5324530a03f27dc1d0e5f6c9bc9d493a23be9de0,USA
15956,0,12,theta,,0,0,0.0,9b2d5b4678781e53038e91ea5324530a03f27dc1d0e5f6c9bc9d493a23be9de0,USA
15957,0,11,theta,66.0,0,0,53.1,9b2d5b4678781e53038e91ea5324530a03f27dc1d0e5f6c9bc9d493a23be9de0,USA
15958,0,13,theta,,0,0,15.45,9b2d5b4678781e53038e91ea5324530a03f27dc1d0e5f6c9bc9d493a23be9de0,Australia
15959,1,13,gamma,10.75,2,1,38.5166,9b2d5b4678781e53038e91ea5324530a03f27dc1d0e5f6c9bc9d493a23be9de0,Canada
15960,0,13,theta,,0,0,14.5,9b2d5b4678781e53038e91ea5324530a03f27dc1d0e5f6c9bc9d493a23be9de0,USA
15961,0,13,theta,48.0,0,0,17.325,9b2d5b4678781e53038e91ea5324530a03f27dc1d0e5f6c9bc9d493a23be9de0,USA
15962,1,12,gamma,43.0,1,2,55.5,9b2d5b4678781e53038e91ea5324530a03f27dc1d0e5f6c9bc9d493a23be9de0,USA
15963,1,12,gamma,33.0,0,0,27.5834,3f39d5c348e5b79d06e842c114e6cc571583bbf44e4b0ebfda1a01ec05745d43,Canada
15964,0,13,gamma,32.0,0,0,19.675,9b2d5b4678781e53038e91ea5324530a03f27dc1d0e5f6c9bc9d493a23be9de0,USA
15965,0,11,theta,,0,0,104.0,cc1e22142e7d545252f349a1d1dd84100e4441043f7485de6eeeb2f9eaea9e14,USA
15966,0,12,theta,44.0,1,0,42.0,9b2d5b4678781e53038e91ea5324530a03f27dc1d0e5f6c9bc9d493a23be9de0,USA
15967,0,13,theta,39.0,1,0,14.0916,9b2d5b4678781e53038e91ea5324530a03f27dc1d0e5f6c9bc9d493a23be9de0,USA
15968,0,13,theta,32.0,0,0,15.0416,9b2d5b4678781e53038e91ea5324530a03f27dc1d0e5f6c9bc9d493a23be9de0,USA
15969,1,13,gamma,12.0,0,1,24.575,9b2d5b4678781e53038e91ea5324530a03f27dc1d0e5f6c9bc9d493a23be9de0,USA
15970,0,13,theta,19.0,5,2,93.8,9b2d5b4678781e53038e91ea5324530a03f27dc1d0e5f6c9bc9d493a23be9de0,USA
15971,0,12,theta,,0,0,0.0,9b2d5b4678781e53038e91ea5324530a03f27dc1d0e5f6c9bc9d493a23be9de0,USA
15972,0,13,theta,60.0,0,0,16.1,9b2d5b4678781e53038e91ea5324530a03f27dc1d0e5f6c9bc9d493a23be9de0,USA
15973,1,13,gamma,73.0,0,0,19.175,9b2d5b4678781e53038e91ea5324530a03f27dc1d0e5f6c9bc9d493a23be9de0,USA
15974,1,11,theta,35.0,1,0,182.1584,2148b60771270f3f8acecb73410e0a7fb06dfc8192df52aa9ca91923d85a5cbc,Canada
15975,0,13,gamma,,3,1,50.9334,9b2d5b4678781e53038e91ea5324530a03f27dc1d0e5f6c9bc9d493a23be9de0,USA
15976,1,11,gamma,45.0,1,0,180.0,07b1e3ae8112fa9c3a4c616ad0e05ec81485abde26bfceef2ea0d9ed86ab8441,USA
15977,0,11,theta,68.0,0,0,59.4,22fb1725b563cd910f9280b28ccfb28d99c2381e4ea0b9d16116dbf7ad62ea3c,Canada
15978,0,13,theta,40.0,0,0,16.1,9b2d5b4678781e53038e91ea5324530a03f27dc1d0e5f6c9bc9d493a23be9de0,USA
15979,1,13,theta,19.0,1,1,31.8,9b2d5b4678781e53038e91ea5324530a03f27dc1d0e5f6c9bc9d493a23be9de0,USA
15980,0,13,theta,,1,0,39.9334,9b2d5b4678781e53038e91ea5324530a03f27dc1d0e5f6c9bc9d493a23be9de0,USA
15981,0,13,theta,31.0,0,0,14.5,9b2d5b4678781e53038e91ea5324530a03f27dc1d0e5f6c9bc9d493a23be9de0,USA
15982,0,11,theta,65.0,0,0,61.0,0de00bed022821e665d07b7f4b8e75c0c4ab0db9f3eb8ee92112e2f981df4fd7,USA
15983,0,11,theta,81.0,0,0,99.0084,9b2d5b4678781e53038e91ea5324530a03f27dc1d0e5f6c9bc9d493a23be9de0,Canada
15984,0,13,theta,31.0,0,0,16.1,9b2d5b4678781e53038e91ea5324530a03f27dc1d0e5f6c9bc9d493a23be9de0,USA
15985,0,13,theta,,0,0,28.9166,9b2d5b4678781e53038e91ea5324530a03f27dc1d0e5f6c9bc9d493a23be9de0,Canada
15986,1,11,gamma,64.0,1,0,156.5334,422446d7512f61f772230f96c25069087be68c6ec57af8e1f18be7a9fad55375,Canada
15987,0,13,theta,,0,0,30.2,9b2d5b4678781e53038e91ea5324530a03f27dc1d0e5f6c9bc9d493a23be9de0,USA
15988,0,11,gamma,35.0,1,2,303.1,8383f5026533caa5efd695ad9e174cc65d739cbb680f0e237ad3627343bdb74f,USA
15989,0,13,theta,34.0,0,0,15.5916,9b2d5b4678781e53038e91ea5324530a03f27dc1d0e5f6c9bc9d493a23be9de0,USA
15990,0,13,theta,27.0,0,0,17.325,9b2d5b4678781e53038e91ea5324530a03f27dc1d0e5f6c9bc9d493a23be9de0,USA
15991,0,13,gamma,31.0,0,0,15.5,9b2d5b4678781e53038e91ea5324530a03f27dc1d0e5f6c9bc9d493a23be9de0,Australia
15992,0,13,gamma,,0,0,15.2584,9b2d5b4678781e53038e91ea5324530a03f27dc1d0e5f6c9bc9d493a23be9de0,Australia
15993,0,13,gamma,47.0,0,0,19.175,9b2d5b4678781e53038e91ea5324530a03f27dc1d0e5f6c9bc9d493a23be9de0,USA
15994,1,11,gamma,26.0,0,0,173.0,d8b5d90f9fb86bbba850955e6958ab598f4e58c68425f2aadf3457b4646a3bf5,USA
15995,0,11,theta,28.0,1,0,217.8,fc937b773b3db7276473bcde7f525158b2609bf2e2d8c3c11961f1afad969fa0,Canada
15996,1,12,gamma,43.0,0,2,52.0,9b2d5b4678781e53038e91ea5324530a03f27dc1d0e5f6c9bc9d493a23be9de0,USA
15997,1,11,theta,,0,0,53.1,9b2d5b4678781e53038e91ea5324530a03f27dc1d0e5f6c9bc9d493a23be9de0,USA
15998,0,13,theta,38.0,0,0,45.05,9b2d5b4678781e53038e91ea5324530a03f27dc1d0e5f6c9bc9d493a23be9de0,USA
15999,1,13,theta,36.0,0,0,112.9916,9b2d5b4678781e53038e91ea5324530a03f27dc1d0e5f6c9bc9d493a23be9de0,USA
16000,1,13,theta,39.0,0,0,15.5,9b2d5b4678781e53038e91ea5324530a03f27dc1d0e5f6c9bc9d493a23be9de0,Australia
16001,0,13,theta,,0,0,16.1,9b2d5b4678781e53038e91ea5324530a03f27dc1d0e5f6c9bc9d493a23be9de0,USA
16002,1,11,theta,46.0,0,0,52.575,6335dda863cd7d6d606daf6b1d6bcc57c2a5ef4bbdb4f3e322f1ca21088cb344,USA
16003,1,11,gamma,64.0,1,0,118.8,9b2d5b4678781e53038e91ea5324530a03f27dc1d0e5f6c9bc9d493a23be9de0,Canada
16004,0,13,theta,34.0,0,0,14.9916,9b2d5b4678781e53038e91ea5324530a03f27dc1d0e5f6c9bc9d493a23be9de0,USA
16005,0,11,theta,57.0,0,0,68.0416,35468dd57aad8093a1d3b3c52ddb912763a47ef963bfadf5116d7653ae29c882,USA
16006,1,12,gamma,44.0,0,0,21.0,16ee13fe0dd987f3ef966e930adebd1e4f5d40f6180ac7eadb416079d5c637f1,USA
16007,0,13,theta,,0,0,48.3,9b2d5b4678781e53038e91ea5324530a03f27dc1d0e5f6c9bc9d493a23be9de0,Australia
16008,1,12,gamma,46.0,1,0,52.0,9b2d5b4678781e53038e91ea5324530a03f27dc1d0e5f6c9bc9d493a23be9de0,USA
16009,0,13,theta,42.0,0,0,15.7916,9b2d5b4678781e53038e91ea5324530a03f27dc1d0e5f6c9bc9d493a23be9de0,USA
16010,1,11,gamma,40.0,0,0,187.0,d55d6eab4b21935eb37d5cb55ab2b82f3fb0b70489c4e88268d049afded649a5,USA
16011,0,13,theta,32.0,0,0,15.7916,9b2d5b4678781e53038e91ea5324530a03f27dc1d0e5f6c9bc9d493a23be9de0,USA
16012,0,13,theta,,0,0,14.45,9b2d5b4678781e53038e91ea5324530a03f27dc1d0e5f6c9bc9d493a23be9de0,Canada
16013,1,11,gamma,54.0,0,1,115.9584,00ceeab4df7002aad9c625c69e81c47d07f71027ad3600787a73c7e91fdf8d61,Canada
16014,0,13,theta,,0,0,14.4584,9b2d5b4678781e53038e91ea5324530a03f27dc1d0e5f6c9bc9d493a23be9de0,Canada
16015,0,13,theta,50.5,0,0,15.5,9b2d5b4678781e53038e91ea5324530a03f27dc1d0e5f6c9bc9d493a23be9de0,Australia
16016,1,12,gamma,60.0,0,0,21.0,9b2d5b4678781e53038e91ea5324530a03f27dc1d0e5f6c9bc9d493a23be9de0,USA
16017,0,11,theta,,0,0,443.5584,755cf05f97ca8bafd67a842df20ada5e4d0d4d982d6efc7d9a959929c05d9755,USA
16018,0,13,theta,49.0,0,0,15.85,9b2d5b4678781e53038e91ea5324530a03f27dc1d0e5f6c9bc9d493a23be9de0,USA
16019,0,12,theta,33.0,2,1,23.0,9b2d5b4678781e53038e91ea5324530a03f27dc1d0e5f6c9bc9d493a23be9de0,USA
16020,1,12,gamma,12.0,1,1,52.0,9b2d5b4678781e53038e91ea5324530a03f27dc1d0e5f6c9bc9d493a23be9de0,USA
16021,0,13,theta,,0,0,14.4584,9b2d5b4678781e53038e91ea5324530a03f27dc1d0e5f6c9bc9d493a23be9de0,Canada
16022,0,13,theta,27.0,1,1,14.4584,9b2d5b4678781e53038e91ea5324530a03f27dc1d0e5f6c9bc9d493a23be9de0,Canada
16023,1,13,gamma,,0,2,44.7166,9b2d5b4678781e53038e91ea5324530a03f27dc1d0e5f6c9bc9d493a23be9de0,Canada
16024,0,13,gamma,40.0,0,0,17.325,9b2d5b4678781e53038e91ea5324530a03f27dc1d0e5f6c9bc9d493a23be9de0,USA
16025,1,12,gamma,17.0,0,2,52.5,9b2d5b4678781e53038e91ea5324530a03f27dc1d0e5f6c9bc9d493a23be9de0,USA
16026,0,11,theta,55.0,0,0,53.1,72d639f06638a8bd2212fe30825432dcfeb6060899122be2bd41ac34a6e87071,USA
16027,1,11,gamma,40.0,0,0,212.85,9b2d5b4678781e53038e91ea5324530a03f27dc1d0e5f6c9bc9d493a23be9de0,Canada
16028,0,13,theta,,0,0,29.0,9b2d5b4678781e53038e91ea5324530a03f27dc1d0e5f6c9bc9d493a23be9de0,USA
16029,1,11,gamma,32.0,0,2,99.0,a0f5ea4c2d1b4535a96a522797c26698af5e4699f4324f6d9b1ec53bfe5b99e3,Canada
16030,1,11,gamma,46.0,0,2,142.0,fc29f17088f10d1df8502ae289be98fdf6de8b52549aa03cd02f7c92018d9855,USA
16031,0,13,gamma,19.0,4,2,62.55,9b2d5b4678781e53038e91ea5324530a03f27dc1d0e5f6c9bc9d493a23be9de0,USA
16032,0,13,gamma,21.0,4,2,62.55,9b2d5b4678781e53038e91ea5324530a03f27dc1d0e5f6c9bc9d493a23be9de0,USA
16033,1,12,theta,42.0,1,0,52.0,9b2d5b4678781e53038e91ea5324530a03f27dc1d0e5f6c9bc9d493a23be9de0,USA
16034,0,11,theta,60.0,1,0,212.85,a07652f7a1f194255377458edf9932192fdac2ce140be69f99fc5bc10e3c085f,Canada
16035,0,11,theta,74.0,0,0,52.0,9b2d5b4678781e53038e91ea5324530a03f27dc1d0e5f6c9bc9d493a23be9de0,USA
16036,1,12,gamma,29.0,1,0,52.0,9b2d5b4678781e53038e91ea5324530a03f27dc1d0e5f6c9bc9d493a23be9de0,USA
16037,1,12,theta,,0,0,27.725,9b2d5b4678781e53038e91ea5324530a03f27dc1d0e5f6c9bc9d493a23be9de0,Canada
16038,0,13,theta,43.0,1,1,41.05,9b2d5b4678781e53038e91ea5324530a03f27dc1d0e5f6c9bc9d493a23be9de0,USA
16039,1,12,theta,18.0,1,1,73.5,9b2d5b4678781e53038e91ea5324530a03f27dc1d0e5f6c9bc9d493a23be9de0,USA
16040,1,11,theta,27.0,0,2,221.7666,184f477d7ed10a857797a91abaad285f91a48aa03fe6f5c87e41cb2b7ca59c69,Canada
16041,0,12,theta,37.0,0,0,52.0,9b2d5b4678781e53038e91ea5324530a03f27dc1d0e5f6c9bc9d493a23be9de0,USA
16042,0,13,theta,,0,0,15.6584,9b2d5b4678781e53038e91ea5324530a03f27dc1d0e5f6c9bc9d493a23be9de0,Australia
16043,1,13,theta,32.0,0,0,14.45,9b2d5b4678781e53038e91ea5324530a03f27dc1d0e5f6c9bc9d493a23be9de0,Canada
16044,1,13,gamma,32.0,0,0,15.55,9b2d5b4678781e53038e91ea5324530a03f27dc1d0e5f6c9bc9d493a23be9de0,USA
16045,0,11,theta,72.0,0,0,53.1,9b2d5b4678781e53038e91ea5324530a03f27dc1d0e5f6c9bc9d493a23be9de0,USA
16046,1,11,gamma,58.0,1,0,79.2,14a839c6693b8068f90616e2fd312dfbefc3a2099b1498093c7e15a8a74aa215,Canada
16047,0,11,theta,,0,0,455.05,9b2d5b4678781e53038e91ea5324530a03f27dc1d0e5f6c9bc9d493a23be9de0,Canada
16048,1,11,gamma,49.0,1,1,159.3,1aa01628a8d946b198f7e62ed3ead50bec11d2d5ff75bc2d6ccf3bab176baccc,USA
16049,1,13,gamma,46.0,1,0,34.8,9b2d5b4678781e53038e91ea5324530a03f27dc1d0e5f6c9bc9d493a23be9de0,USA
16050,0,13,theta,,0,0,15.5,9b2d5b4678781e53038e91ea5324530a03f27dc1d0e5f6c9bc9d493a23be9de0,Australia
16051,0,13,theta,50.0,0,0,15.7916,9b2d5b4678781e53038e91ea5324530a03f27dc1d0e5f6c9bc9d493a23be9de0,USA
16052,0,12,theta,38.0,0,0,27.0,9b2d5b4678781e53038e91ea5324530a03f27dc1d0e5f6c9bc9d493a23be9de0,USA
16053,0,13,theta,,0,0,16.1,9b2d5b4678781e53038e91ea5324530a03f27dc1d0e5f6c9bc9d493a23be9de0,USA
16054,0,13,gamma,,0,0,16.1,9b2d5b4678781e53038e91ea5324530a03f27dc1d0e5f6c9bc9d493a23be9de0,USA
16055,0,13,theta,34.0,2,0,48.3,9b2d5b4678781e53038e91ea5324530a03f27dc1d0e5f6c9bc9d493a23be9de0,USA
16056,0,13,theta,29.0,0,0,15.7916,9b2d5b4678781e53038e91ea5324530a03f27dc1d0e5f6c9bc9d493a23be9de0,USA
16057,0,13,gamma,39.0,0,4,42.15,9b2d5b4678781e53038e91ea5324530a03f27dc1d0e5f6c9bc9d493a23be9de0,USA
16058,0,13,theta,,0,0,14.4584,9b2d5b4678781e53038e91ea5324530a03f27dc1d0e5f6c9bc9d493a23be9de0,Canada
16059,1,13,theta,42.0,0,0,15.7084,9b2d5b4678781e53038e91ea5324530a03f27dc1d0e5f6c9bc9d493a23be9de0,USA
16060,1,12,theta,72.0,0,0,21.0,9b2d5b4678781e53038e91ea5324530a03f27dc1d0e5f6c9bc9d493a23be9de0,USA
16061,1,11,gamma,63.0,2,0,102.9584,e4cbec8fd6863bcef0781231bc081ace094e6bcec348e07e44f14c3505c2e784,USA
16062,1,11,theta,46.0,0,0,52.775,6335dda863cd7d6d606daf6b1d6bcc57c2a5ef4bbdb4f3e322f1ca21088cb344,USA
16063,1,13,gamma,,0,0,15.5,9b2d5b4678781e53038e91ea5324530a03f27dc1d0e5f6c9bc9d493a23be9de0,Australia
16064,0,13,theta,26.0,0,0,16.1,9b2d5b4678781e53038e91ea5324530a03f27dc1d0e5f6c9bc9d493a23be9de0,USA
16065,0,13,theta,29.0,0,0,29.0,9b2d5b4678781e53038e91ea5324530a03f27dc1d0e5f6c9bc9d493a23be9de0,USA
16066,1,12,gamma,44.0,0,0,26.0,9b2d5b4678781e53038e91ea5324530a03f27dc1d0e5f6c9bc9d493a23be9de0,USA
16067,1,11,gamma,49.0,1,0,111.8,e57843bfc3d6be872720d53d6f87f5ea8aadc3c6b70a30df413ff405cf6dd27e,USA
16068,0,13,gamma,,1,0,28.9166,9b2d5b4678781e53038e91ea5324530a03f27dc1d0e5f6c9bc9d493a23be9de0,Canada
16069,1,13,theta,42.0,0,0,15.85,9b2d5b4678781e53038e91ea5324530a03f27dc1d0e5f6c9bc9d493a23be9de0,USA
16070,1,12,gamma,35.0,1,1,60.0,9b2d5b4678781e53038e91ea5324530a03f27dc1d0e5f6c9bc9d493a23be9de0,USA
16071,1,11,gamma,49.0,1,1,221.7666,1e1ad640b442062e86b7d6922f70d6dd6ff8e371edbaf512bc72b799fedcfa85,Canada
16072,0,12,theta,64.0,0,0,52.0,9b2d5b4678781e53038e91ea5324530a03f27dc1d0e5f6c9bc9d493a23be9de0,USA
16073,0,11,theta,46.0,0,0,80.25,ad0608725cbbdbc36406d149067a32b0a77a524b5fff5183cc76c0d6b7f935b5,Canada
16074,0,13,theta,,0,0,17.425,9b2d5b4678781e53038e91ea5324530a03f27dc1d0e5f6c9bc9d493a23be9de0,Canada
16075,1,11,gamma,28.0,0,2,159.3,806654289f855ced7c2d66853973d824898963bef7d8407367b8983da59ad113,USA
16076,0,12,theta,57.0,0,0,30.0,9b2d5b4678781e53038e91ea5324530a03f27dc1d0e5f6c9bc9d493a23be9de0,USA
16077,1,11,theta,70.0,1,1,158.4,db42705c08392386b13dfdf55b4b3e66624e468fbdf9d394ef27ec33235a8e5c,Canada
16078,0,13,theta,32.0,0,0,16.1,9b2d5b4678781e53038e91ea5324530a03f27dc1d0e5f6c9bc9d493a23be9de0,USA
16079,0,13,theta,,0,0,16.1,9b2d5b4678781e53038e91ea5324530a03f27dc1d0e5f6c9bc9d493a23be9de0,USA
16080,0,13,theta,45.0,0,0,14.25,9b2d5b4678781e53038e91ea5324530a03f27dc1d0e5f6c9bc9d493a23be9de0,USA
16081,1,11,gamma,62.0,1,0,156.5334,422446d7512f61f772230f96c25069087be68c6ec57af8e1f18be7a9fad55375,Canada
16082,0,13,theta,57.0,0,0,14.5,9b2d5b4678781e53038e91ea5324530a03f27dc1d0e5f6c9bc9d493a23be9de0,USA
16083,0,13,gamma,,0,2,15.5,9b2d5b4678781e53038e91ea5324530a03f27dc1d0e5f6c9bc9d493a23be9de0,Australia
16084,0,12,theta,47.0,1,0,52.0,9b2d5b4678781e53038e91ea5324530a03f27dc1d0e5f6c9bc9d493a23be9de0,USA
16085,0,13,theta,46.0,1,1,48.3,9b2d5b4678781e53038e91ea5324530a03f27dc1d0e5f6c9bc9d493a23be9de0,USA
16086,1,12,gamma,,0,0,66.0,9b2d5b4678781e53038e91ea5324530a03f27dc1d0e5f6c9bc9d493a23be9de0,USA
16087,0,13,theta,59.0,0,0,0.0,9b2d5b4678781e53038e91ea5324530a03f27dc1d0e5f6c9bc9d493a23be9de0,USA
16088,0,13,theta,,0,0,14.45,9b2d5b4678781e53038e91ea5324530a03f27dc1d0e5f6c9bc9d493a23be9de0,Canada
16089,1,11,theta,59.0,1,0,113.8584,084835c6a489af317ddfff6b377e01134991a265341024e3e82cdaad72c0c4bf,Canada
16090,1,12,gamma,34.0,2,1,54.0,9b2d5b4678781e53038e91ea5324530a03f27dc1d0e5f6c9bc9d493a23be9de0,USA
16091,0,13,theta,,0,0,15.7916,9b2d5b4678781e53038e91ea5324530a03f27dc1d0e5f6c9bc9d493a23be9de0,USA
16092,0,11,theta,,0,0,84.8,9b2d5b4678781e53038e91ea5324530a03f27dc1d0e5f6c9bc9d493a23be9de0,USA
16093,0,13,theta,54.0,0,0,16.1,9b2d5b4678781e53038e91ea5324530a03f27dc1d0e5f6c9bc9d493a23be9de0,USA
16094,1,11,theta,45.0,0,0,53.1,9b2d5b4678781e53038e91ea5324530a03f27dc1d0e5f6c9bc9d493a23be9de0,Canada
16095,0,13,theta,46.0,1,0,31.1,9b2d5b4678781e53038e91ea5324530a03f27dc1d0e5f6c9bc9d493a23be9de0,USA
16096,0,13,theta,40.0,0,0,15.7916,9b2d5b4678781e53038e91ea5324530a03f27dc1d0e5f6c9bc9d493a23be9de0,USA
16097,1,11,theta,37.0,0,0,61.0,9b2d5b4678781e53038e91ea5324530a03f27dc1d0e5f6c9bc9d493a23be9de0,USA
16098,1,12,gamma,32.0,1,2,83.1584,9b2d5b4678781e53038e91ea5324530a03f27dc1d0e5f6c9bc9d493a23be9de0,Canada
16099,1,11,gamma,50.0,0,0,306.925,138934917dd656ee435ecfcd2434e53133bbf7d293b25a1f7debcf01f2e50071,USA
16100,0,13,gamma,49.0,1,5,62.55,9b2d5b4678781e53038e91ea5324530a03f27dc1d0e5f6c9bc9d493a23be9de0,USA
16101,0,13,theta,,0,0,14.1,9b2d5b4678781e53038e91ea5324530a03f27dc1d0e5f6c9bc9d493a23be9de0,USA
16102,1,13,gamma,,1,0,31.0,9b2d5b4678781e53038e91ea5324530a03f27dc1d0e5f6c9bc9d493a23be9de0,Australia
16103,0,13,theta,,0,0,15.5,9b2d5b4678781e53038e91ea5324530a03f27dc1d0e5f6c9bc9d493a23be9de0,Australia
16104,0,13,theta,45.0,0,0,16.1,9b2d5b4678781e53038e91ea5324530a03f27dc1d0e5f6c9bc9d493a23be9de0,USA
16105,1,12,gamma,34.0,1,2,130.0,9b2d5b4678781e53038e91ea5324530a03f27dc1d0e5f6c9bc9d493a23be9de0,USA
16106,0,13,theta,44.0,1,1,28.8,9b2d5b4678781e53038e91ea5324530a03f27dc1d0e5f6c9bc9d493a23be9de0,USA
16107,0,13,gamma,36.0,1,0,32.2,9b2d5b4678781e53038e91ea5324530a03f27dc1d0e5f6c9bc9d493a23be9de0,USA
16108,1,12,gamma,14.0,2,1,78.0,015b7913470194d2a46ead719afc7768a3c4e8af770766cfe7898d7d834c0362,USA
16109,0,12,theta,36.0,0,0,21.0,9b2d5b4678781e53038e91ea5324530a03f27dc1d0e5f6c9bc9d493a23be9de0,USA
16110,0,13,theta,37.0,1,0,28.9084,9b2d5b4678781e53038e91ea5324530a03f27dc1d0e5f6c9bc9d493a23be9de0,Canada
16111,1,11,theta,52.0,1,0,105.1084,039d35a39f1d47b9fbcf9e375f44c59313398d6379cb908517fbd7ea38197d44,USA
16112,1,13,theta,30.0,1,1,31.4834,9b2d5b4678781e53038e91ea5324530a03f27dc1d0e5f6c9bc9d493a23be9de0,Canada
16113,0,13,theta,31.0,0,0,15.7084,9b2d5b4678781e53038e91ea5324530a03f27dc1d0e5f6c9bc9d493a23be9de0,USA
16114,0,13,theta,31.0,0,0,32.2,9b2d5b4678781e53038e91ea5324530a03f27dc1d0e5f6c9bc9d493a23be9de0,USA
16115,0,11,theta,71.0,0,0,64.6416,cd989f27acf849a0d953d910e6a2930cb364445fda1917c824df551ef8b0e643,USA
16116,0,12,theta,67.0,0,0,24.7,9b2d5b4678781e53038e91ea5324530a03f27dc1d0e5f6c9bc9d493a23be9de0,Australia
16117,1,11,gamma,31.0,0,0,155.9166,9102326afa32b91a69f6abf5a9505b78f6828ffd9b5ab3d7a78ada019738046e,USA
16118,0,13,theta,36.0,0,0,15.7916,9b2d5b4678781e53038e91ea5324530a03f27dc1d0e5f6c9bc9d493a23be9de0,USA
16119,0,13,theta,,0,0,15.4666,9b2d5b4678781e53038e91ea5324530a03f27dc1d0e5f6c9bc9d493a23be9de0,Australia
16120,1,11,theta,90.0,0,0,60.0,f717e70eea85cfe1f6ee5d2766fbe5bbf519fe418166ae6f9e0e7927730973e0,USA
16121,0,13,theta,61.0,0,0,14.1084,9b2d5b4678781e53038e91ea5324530a03f27dc1d0e5f6c9bc9d493a23be9de0,USA
16122,1,11,theta,42.0,0,0,61.0,d04a8acdbbbab87b9302c6f62bcc57a9326700be073a160aee372cda61cc87cd,Canada
16123,0,11,theta,,0,0,0.0,9b2d5b4678781e53038e91ea5324530a03f27dc1d0e5f6c9bc9d493a23be9de0,USA
16124,0,13,gamma,19.0,3,2,55.8,9b2d5b4678781e53038e91ea5324530a03f27dc1d0e5f6c9bc9d493a23be9de0,USA
16125,1,12,gamma,38.0,0,0,26.0,9b2d5b4678781e53038e91ea5324530a03f27dc1d0e5f6c9bc9d493a23be9de0,USA
16126,0,13,theta,42.0,0,0,15.85,9b2d5b4678781e53038e91ea5324530a03f27dc1d0e5f6c9bc9d493a23be9de0,USA
16127,0,12,theta,41.0,1,1,52.5,9b2d5b4678781e53038e91ea5324530a03f27dc1d0e5f6c9bc9d493a23be9de0,USA
16128,0,13,gamma,51.0,0,5,79.375,9b2d5b4678781e53038e91ea5324530a03f27dc1d0e5f6c9bc9d493a23be9de0,USA
16129,0,13,theta,,1,0,32.2,9b2d5b4678781e53038e91ea5324530a03f27dc1d0e5f6c9bc9d493a23be9de0,USA
16130,0,13,theta,30.0,0,0,15.7084,9b2d5b4678781e53038e91ea5324530a03f27dc1d0e5f6c9bc9d493a23be9de0,USA
16131,1,11,gamma,34.0,0,0,138.6,1f1b443b8c4bc85685c1b0e75679578c043337813e15dfb5e92e77b54c65c157,Canada
16132,0,13,gamma,12.0,3,2,55.8,9b2d5b4678781e53038e91ea5324530a03f27dc1d0e5f6c9bc9d493a23be9de0,USA
16133,1,13,theta,,0,0,112.9916,9b2d5b4678781e53038e91ea5324530a03f27dc1d0e5f6c9bc9d493a23be9de0,USA
16134,1,13,gamma,10.75,2,1,38.5166,9b2d5b4678781e53038e91ea5324530a03f27dc1d0e5f6c9bc9d493a23be9de0,Canada
16135,1,11,theta,58.0,1,0,153.4584,2581665cb758846f14fa52761c4c872ec17877cd157cd9e86146266d2ecfe997,Canada
16136,0,13,theta,29.0,0,0,15.7916,9b2d5b4678781e53038e91ea5324530a03f27dc1d0e5f6c9bc9d493a23be9de0,USA
16137,1,11,theta,66.0,0,0,71.0,9b5f0e69a7656f3852ae6f7f991050518b3cc3e54d25d3d14a6450833a1f5c26,Canada
16138,0,13,theta,,0,0,15.1,9b2d5b4678781e53038e91ea5324530a03f27dc1d0e5f6c9bc9d493a23be9de0,USA
16139,1,13,gamma,33.0,0,0,15.1,9b2d5b4678781e53038e91ea5324530a03f27dc1d0e5f6c9bc9d493a23be9de0,USA
16140,0,13,theta,,0,0,15.7916,9b2d5b4678781e53038e91ea5324530a03f27dc1d0e5f6c9bc9d493a23be9de0,USA
16141,1,12,gamma,28.0,0,1,46.0,9b2d5b4678781e53038e91ea5324530a03f27dc1d0e5f6c9bc9d493a23be9de0,USA
16142,0,13,theta,31.0,0,0,16.8666,9b2d5b4678781e53038e91ea5324530a03f27dc1d0e5f6c9bc9d493a23be9de0,USA
16143,1,13,gamma,,0,0,15.6584,9b2d5b4678781e53038e91ea5324530a03f27dc1d0e5f6c9bc9d493a23be9de0,Australia
16144,0,13,gamma,28.0,0,0,13.5,9b2d5b4678781e53038e91ea5324530a03f27dc1d0e5f6c9bc9d493a23be9de0,Australia
16145,0,12,theta,34.0,2,0,147.0,9b2d5b4678781e53038e91ea5324530a03f27dc1d0e5f6c9bc9d493a23be9de0,USA
16146,0,13,theta,,0,0,15.7916,9b2d5b4678781e53038e91ea5324530a03f27dc1d0e5f6c9bc9d493a23be9de0,USA
16147,0,13,gamma,42.0,1,1,31.0,9b2d5b4678781e53038e91ea5324530a03f27dc1d0e5f6c9bc9d493a23be9de0,Australia
16148,0,12,theta,33.0,0,0,26.0,9b2d5b4678781e53038e91ea5324530a03f27dc1d0e5f6c9bc9d493a23be9de0,USA
16149,0,11,theta,68.0,0,2,226.55,b29479dae349fca2473137537095f704c039784b2e0f5eecd3700daf1a3f30db,Canada
16150,1,11,theta,60.0,2,0,267.3,9b2d5b4678781e53038e91ea5324530a03f27dc1d0e5f6c9bc9d493a23be9de0,USA
16151,0,13,theta,50.0,0,0,14.45,9b2d5b4678781e53038e91ea5324530a03f27dc1d0e5f6c9bc9d493a23be9de0,Canada
16152,0,11,theta,57.0,0,0,51.175,809ebb83bb52ff4a937228d019993afaa5fe85be08bb2c20e12ad58a3a8056e7,USA
16153,0,13,theta,46.0,0,0,14.9916,9b2d5b4678781e53038e91ea5324530a03f27dc1d0e5f6c9bc9d493a23be9de0,USA
16154,1,13,theta,30.0,1,0,15.85,9b2d5b4678781e53038e91ea5324530a03f27dc1d0e5f6c9bc9d493a23be9de0,USA
16155,0,12,theta,42.0,2,0,147.0,9b2d5b4678781e53038e91ea5324530a03f27dc1d0e5f6c9bc9d493a23be9de0,USA
16156,0,12,theta,35.0,0,0,26.0,9b2d5b4678781e53038e91ea5324530a03f27dc1d0e5f6c9bc9d493a23be9de0,USA
16157,0,13,theta,,0,0,15.55,9b2d5b4678781e53038e91ea5324530a03f27dc1d0e5f6c9bc9d493a23be9de0,USA
16158,0,13,theta,53.0,0,0,16.1,9b2d5b4678781e53038e91ea5324530a03f27dc1d0e5f6c9bc9d493a23be9de0,USA
16159,1,11,gamma,,1,0,104.0,2b91af5c48803ac896787b907e2665810edd16b1469790d06e8abbff77f0d199,USA
16160,1,12,gamma,50.0,1,1,78.0,9b2d5b4678781e53038e91ea5324530a03f27dc1d0e5f6c9bc9d493a23be9de0,USA
16161,0,11,theta,41.0,1,0,104.0,bb0081dd21382f865f0321e7527c54208773a6a51112b383becbb25fb41d33dc,USA
16162,0,12,theta,80.0,0,0,21.0,9b2d5b4678781e53038e91ea5324530a03f27dc1d0e5f6c9bc9d493a23be9de0,USA
16163,1,12,theta,41.0,0,0,26.0,9b2d5b4678781e53038e91ea5324530a03f27dc1d0e5f6c9bc9d493a23be9de0,USA
16164,0,12,theta,,0,0,0.0,9b2d5b4678781e53038e91ea5324530a03f27dc1d0e5f6c9bc9d493a23be9de0,USA
16165,0,13,theta,28.0,0,0,15.55,9b2d5b4678781e53038e91ea5324530a03f27dc1d0e5f6c9bc9d493a23be9de0,USA
16166,0,13,theta,34.5,0,0,16.1,9b2d5b4678781e53038e91ea5324530a03f27dc1d0e5f6c9bc9d493a23be9de0,USA
16167,1,13,gamma,28.0,0,0,19.6834,9b2d5b4678781e53038e91ea5324530a03f27dc1d0e5f6c9bc9d493a23be9de0,USA
16168,0,13,gamma,53.0,1,6,93.8,9b2d5b4678781e53038e91ea5324530a03f27dc1d0e5f6c9bc9d493a23be9de0,USA
16169,1,11,theta,46.0,0,1,1024.6584,e27e52bd4d3aaeb744b147f114c9a851a66fc087c25ce3d4b71d8332f7dd3e55,Canada
16170,0,13,gamma,,0,0,16.275,9b2d5b4678781e53038e91ea5324530a03f27dc1d0e5f6c9bc9d493a23be9de0,Australia
16171,1,11,theta,37.0,0,0,153.4584,2f7436f1d3f6a1dd35c7f318ca5ef701e54cf81cc809889a836cafa593b7d292,Canada
16172,0,13,theta,30.0,0,0,18.45,9b2d5b4678781e53038e91ea5324530a03f27dc1d0e5f6c9bc9d493a23be9de0,USA
16173,0,13,theta,24.0,5,2,93.8,9b2d5b4678781e53038e91ea5324530a03f27dc1d0e5f6c9bc9d493a23be9de0,USA
16174,0,12,theta,70.0,1,1,78.0,9b2d5b4678781e53038e91ea5324530a03f27dc1d0e5f6c9bc9d493a23be9de0,USA
16175,0,12,theta,35.0,1,2,83.1584,9b2d5b4678781e53038e91ea5324530a03f27dc1d0e5f6c9bc9d493a23be9de0,Canada
16176,0,13,theta,24.0,4,1,79.375,9b2d5b4678781e53038e91ea5324530a03f27dc1d0e5f6c9bc9d493a23be9de0,USA
16177,0,13,theta,29.0,0,0,20.3416,9b2d5b4678781e53038e91ea5324530a03f27dc1d0e5f6c9bc9d493a23be9de0,USA
16178,0,13,theta,28.0,0,0,15.5916,9b2d5b4678781e53038e91ea5324530a03f27dc1d0e5f6c9bc9d493a23be9de0,USA
16179,1,11,gamma,25.0,0,1,422.675,5ba2c833c5d65e649e4b4fa4d426223f3300650f874e32c4451d9346ce6469e2,USA
16180,1,11,theta,41.0,1,0,114.0,5d73ebde81987d4c7512a0432572a87d9d31a7b8074dde9c4846f6c74dc3429e,USA
16181,1,13,gamma,14.0,0,1,26.8334,9b2d5b4678781e53038e91ea5324530a03f27dc1d0e5f6c9bc9d493a23be9de0,Canada
16182,1,13,theta,,0,0,112.9916,9b2d5b4678781e53038e91ea5324530a03f27dc1d0e5f6c9bc9d493a23be9de0,USA
16183,0,13,theta,35.0,0,0,14.45,9b2d5b4678781e53038e91ea5324530a03f27dc1d0e5f6c9bc9d493a23be9de0,Canada
16184,0,11,theta,70.0,0,0,53.1,9b2d5b4678781e53038e91ea5324530a03f27dc1d0e5f6c9bc9d493a23be9de0,USA
16185,0,12,theta,62.0,0,0,27.0,9b2d5b4678781e53038e91ea5324530a03f27dc1d0e5f6c9bc9d493a23be9de0,USA
16186,0,13,theta,54.0,0,0,16.1,9b2d5b4678781e53038e91ea5324530a03f27dc1d0e5f6c9bc9d493a23be9de0,USA
16187,1,13,gamma,,0,0,15.4666,9b2d5b4678781e53038e91ea5324530a03f27dc1d0e5f6c9bc9d493a23be9de0,Australia
16188,0,11,theta,59.0,1,1,221.7666,1e1ad640b442062e86b7d6922f70d6dd6ff8e371edbaf512bc72b799fedcfa85,Canada
16189,0,13,theta,52.0,0,0,15.3,f9af0edaadf68c4bd99a47e816ca3d19325fd22cd703627aa683a06f7775520d,USA
16190,1,11,gamma,28.0,1,0,455.05,328ea209b7bfd0535de7c56fb03aef18effc20a4e05f6ade5e03e83c446c8812,Canada
16191,1,11,theta,45.0,0,0,52.575,370fbb66eb4c6599439b15cef549a8b4db480b404dffb1578e68e7e7831d4eba,USA
16192,0,13,gamma,28.0,0,1,28.9084,9b2d5b4678781e53038e91ea5324530a03f27dc1d0e5f6c9bc9d493a23be9de0,Canada
16193,0,13,theta,35.0,0,0,15.4834,9b2d5b4678781e53038e91ea5324530a03f27dc1d0e5f6c9bc9d493a23be9de0,Australia
16194,0,13,theta,36.0,1,0,15.7084,9b2d5b4678781e53038e91ea5324530a03f27dc1d0e5f6c9bc9d493a23be9de0,USA
16195,0,12,theta,49.0,0,0,52.0,9b2d5b4678781e53038e91ea5324530a03f27dc1d0e5f6c9bc9d493a23be9de0,USA
16196,1,12,gamma,55.0,0,0,27.0,9b2d5b4678781e53038e91ea5324530a03f27dc1d0e5f6c9bc9d493a23be9de0,USA
16197,1,11,theta,52.0,0,0,52.575,370fbb66eb4c6599439b15cef549a8b4db480b404dffb1578e68e7e7831d4eba,USA
16198,1,11,gamma,32.0,0,0,303.1,9b2d5b4678781e53038e91ea5324530a03f27dc1d0e5f6c9bc9d493a23be9de0,USA
16199,1,13,theta,,1,1,30.4916,9b2d5b4678781e53038e91ea5324530a03f27dc1d0e5f6c9bc9d493a23be9de0,Canada
16200,1,11,gamma,34.0,0,0,99.0084,11a0ef133d9d7f6aabe844b5c8a78d5e093278eb8b5fd9f4f30152811f35a426,Canada
16201,0,11,theta,,0,0,53.1,3241a3009222adcfd375825dcd95bd9c5c17a5e37e76cc04c121faa2f2fe569e,USA
16202,1,11,theta,58.0,1,0,104.0,2b91af5c48803ac896787b907e2665810edd16b1469790d06e8abbff77f0d199,USA
16203,0,13,theta,39.0,0,0,18.9666,9b2d5b4678781e53038e91ea5324530a03f27dc1d0e5f6c9bc9d493a23be9de0,USA
16204,0,12,theta,62.0,0,0,26.0,9b2d5b4678781e53038e91ea5324530a03f27dc1d0e5f6c9bc9d493a23be9de0,USA
16205,0,13,theta,29.0,0,0,15.3,61aa86472f61ce6ed9e6dcbf446c0a537ee0355161d961bc5ce18a9877a2737e,USA
16206,1,11,gamma,48.0,0,0,455.05,f3dea8a4125c29c0eaac7ac03c80c7957f59669e1ff129ac3e1cea2923b4d32a,Canada
16207,1,12,gamma,37.0,0,0,21.0,85c134f55482319d860bd23bfa25054fcce14e20b57de3327680aecd58d273b7,USA
16208,0,13,theta,,0,0,31.0,9b2d5b4678781e53038e91ea5324530a03f27dc1d0e5f6c9bc9d493a23be9de0,Australia
16209,0,13,theta,43.0,0,0,15.55,9b2d5b4678781e53038e91ea5324530a03f27dc1d0e5f6c9bc9d493a23be9de0,USA
16210,1,12,gamma,16.0,0,1,66.0,9b2d5b4678781e53038e91ea5324530a03f27dc1d0e5f6c9bc9d493a23be9de0,USA
16211,0,13,theta,27.0,1,0,14.1084,9b2d5b4678781e53038e91ea5324530a03f27dc1d0e5f6c9bc9d493a23be9de0,USA
16212,0,12,theta,44.0,0,0,26.0,9b2d5b4678781e53038e91ea5324530a03f27dc1d0e5f6c9bc9d493a23be9de0,USA
16213,0,12,theta,60.0,0,0,26.0,9b2d5b4678781e53038e91ea5324530a03f27dc1d0e5f6c9bc9d493a23be9de0,USA
16214,1,11,theta,37.0,1,0,106.2,a8d0a1117e28efe9d9bcd29833dd103ca8f1110f68e814dbff635c08c6d71907,USA
16215,0,13,theta,30.0,0,0,17.325,9b2d5b4678781e53038e91ea5324530a03f27dc1d0e5f6c9bc9d493a23be9de0,USA
16216,1,12,gamma,40.0,3,0,42.0,9b2d5b4678781e53038e91ea5324530a03f27dc1d0e5f6c9bc9d493a23be9de0,USA
16217,1,13,gamma,,0,0,15.475,9b2d5b4678781e53038e91ea5324530a03f27dc1d0e5f6c9bc9d493a23be9de0,Australia
16218,0,12,theta,35.0,1,0,52.0,9b2d5b4678781e53038e91ea5324530a03f27dc1d0e5f6c9bc9d493a23be9de0,USA
16219,0,13,gamma,35.0,1,0,15.85,9b2d5b4678781e53038e91ea5324530a03f27dc1d0e5f6c9bc9d493a23be9de0,USA
16220,1,11,gamma,39.0,0,0,422.675,5ba2c833c5d65e649e4b4fa4d426223f3300650f874e32c4451d9346ce6469e2,USA
16221,0,13,theta,21.0,0,0,37.575,9b2d5b4678781e53038e91ea5324530a03f27dc1d0e5f6c9bc9d493a23be9de0,Canada
16222,0,12,theta,,0,0,0.0,9b2d5b4678781e53038e91ea5324530a03f27dc1d0e5f6c9bc9d493a23be9de0,USA
16223,0,12,theta,33.0,0,0,26.0,9b2d5b4678781e53038e91ea5324530a03f27dc1d0e5f6c9bc9d493a23be9de0,USA
16224,0,12,theta,33.0,0,0,26.0,9b2d5b4678781e53038e91ea5324530a03f27dc1d0e5f6c9bc9d493a23be9de0,USA
16225,0,13,theta,38.5,0,0,32.2,9b2d5b4678781e53038e91ea5324530a03f27dc1d0e5f6c9bc9d493a23be9de0,USA
16226,0,13,gamma,58.0,1,3,68.75,9b2d5b4678781e53038e91ea5324530a03f27dc1d0e5f6c9bc9d493a23be9de0,USA
16227,1,11,theta,45.0,0,0,1024.6584,a73e4fa472d032bf3e96138be85b2f1864ca3cccc70e3dfebc3e4d37e593ddf2,Canada
16228,0,13,theta,,0,0,15.7916,9b2d5b4678781e53038e91ea5324530a03f27dc1d0e5f6c9bc9d493a23be9de0,USA
16229,0,13,theta,,0,0,15.7916,9b2d5b4678781e53038e91ea5324530a03f27dc1d0e5f6c9bc9d493a23be9de0,USA
16230,1,11,theta,,0,0,60.0,49d045f8a478853ba272d4755f78abd543280cc5bf44f8d9d6ea1009fdad0fae,USA
16231,0,11,theta,46.0,1,0,157.7,a3d1a50c125601d332671111c0d857dbd40671097fc1fa7e97c5fefd1290e951,USA
16232,1,11,gamma,31.0,2,2,524.75,dc3ea4677af595617fd4caf26cf81277fb877503b6885db3261d68dc0e7f80ee,Canada
16233,0,13,theta,34.0,1,0,32.2,9b2d5b4678781e53038e91ea5324530a03f27dc1d0e5f6c9bc9d493a23be9de0,USA
16234,1,13,theta,41.0,0,0,15.85,9b2d5b4678781e53038e91ea5324530a03f27dc1d0e5f6c9bc9d493a23be9de0,USA
16235,0,11,theta,80.0,1,1,142.0,fc29f17088f10d1df8502ae289be98fdf6de8b52549aa03cd02f7c92018d9855,USA
16236,0,13,theta,26.0,1,1,40.5,9b2d5b4678781e53038e91ea5324530a03f27dc1d0e5f6c9bc9d493a23be9de0,USA
16237,1,12,gamma,40.0,0,0,26.0,9b2d5b4678781e53038e91ea5324530a03f27dc1d0e5f6c9bc9d493a23be9de0,USA
16238,0,11,theta,29.0,1,0,106.2,11c3fe679912570c17c2cf1d343f8b800c027803d821248e8c84b990358b8724,USA
16239,0,13,theta,41.0,0,0,15.5,9b2d5b4678781e53038e91ea5324530a03f27dc1d0e5f6c9bc9d493a23be9de0,Australia
16240,1,12,gamma,14.0,1,1,46.0,9b2d5b4678781e53038e91ea5324530a03f27dc1d0e5f6c9bc9d493a23be9de0,USA
16241,1,13,theta,16.0,0,1,24.95,c620fe58b43a61dfebfc36f729a320d4b6265d63bbd32b2f1d8f440413b3163b,USA
16242,0,13,theta,43.0,0,0,19.0,9b2d5b4678781e53038e91ea5324530a03f27dc1d0e5f6c9bc9d493a23be9de0,USA
16243,0,13,theta,33.0,0,0,15.7916,9b2d5b4678781e53038e91ea5324530a03f27dc1d0e5f6c9bc9d493a23be9de0,USA
16244,1,12,gamma,58.0,1,2,130.0,9b2d5b4678781e53038e91ea5324530a03f27dc1d0e5f6c9bc9d493a23be9de0,USA
16245,1,12,theta,10.67,1,1,29.0,9b2d5b4678781e53038e91ea5324530a03f27dc1d0e5f6c9bc9d493a23be9de0,USA
16246,0,13,theta,38.0,0,0,15.5916,9b2d5b4678781e53038e91ea5324530a03f27dc1d0e5f6c9bc9d493a23be9de0,USA
16247,0,12,theta,28.0,0,0,23.0,9b2d5b4678781e53038e91ea5324530a03f27dc1d0e5f6c9bc9d493a23be9de0,USA
16248,0,13,theta,44.0,0,0,16.1,9b2d5b4678781e53038e91ea5324530a03f27dc1d0e5f6c9bc9d493a23be9de0,USA
16249,1,11,gamma,43.0,0,0,173.0,7e08c42e4ed0c7b8564a761383b0927a7d90dfc66ea8c99c8ebd19b743fcd821,USA
16250,0,13,theta,,0,0,29.0,9b2d5b4678781e53038e91ea5324530a03f27dc1d0e5f6c9bc9d493a23be9de0,USA
16251,0,13,theta,51.0,0,0,14.25,9b2d5b4678781e53038e91ea5324530a03f27dc1d0e5f6c9bc9d493a23be9de0,USA
16252,1,13,theta,30.0,0,0,14.4584,9b2d5b4678781e53038e91ea5324530a03f27dc1d0e5f6c9bc9d493a23be9de0,Canada
16253,1,11,gamma,46.0,1,2,240.0,cec0a7de7f8d6fc385250a76e38555a1f45fd5aaeb1a2ba3dbdf90a049bb0681,USA
16254,0,13,theta,26.0,0,0,15.55,9b2d5b4678781e53038e91ea5324530a03f27dc1d0e5f6c9bc9d493a23be9de0,USA
16255,1,11,gamma,61.0,1,0,155.9166,a7dc9aa658db149b641d28252d72e0b081504170be70b919c22bcefc43e5b33c,USA
16256,0,11,theta,,0,0,79.2,9b2d5b4678781e53038e91ea5324530a03f27dc1d0e5f6c9bc9d493a23be9de0,Canada
16257,0,13,gamma,40.5,0,0,15.5,9b2d5b4678781e53038e91ea5324530a03f27dc1d0e5f6c9bc9d493a23be9de0,Australia
16258,0,13,theta,,1,0,48.3,9b2d5b4678781e53038e91ea5324530a03f27dc1d0e5f6c9bc9d493a23be9de0,Australia
16259,0,13,theta,42.0,0,0,16.725,9b2d5b4678781e53038e91ea5324530a03f27dc1d0e5f6c9bc9d493a23be9de0,USA
16260,0,13,theta,34.0,0,0,19.0,9b2d5b4678781e53038e91ea5324530a03f27dc1d0e5f6c9bc9d493a23be9de0,USA
16261,0,13,theta,58.0,0,0,15.7084,9b2d5b4678781e53038e91ea5324530a03f27dc1d0e5f6c9bc9d493a23be9de0,USA
16262,0,12,gamma,67.0,0,0,21.0,e2f3213d0dd01b34af8a68a2e45fe797babadcba92d049c60bd5060d7be24386,USA
16263,0,13,theta,,0,0,14.45,9b2d5b4678781e53038e91ea5324530a03f27dc1d0e5f6c9bc9d493a23be9de0,Canada
16264,1,12,gamma,64.0,1,3,46.0,9b2d5b4678781e53038e91ea5324530a03f27dc1d0e5f6c9bc9d493a23be9de0,USA
16265,0,13,theta,28.0,0,0,15.5,9b2d5b4678781e53038e91ea5324530a03f27dc1d0e5f6c9bc9d493a23be9de0,USA
16266,0,13,theta,,0,0,15.5,55302eddf0633f866941206568887bb8fddf89fdebfed78c8c98451519be76d0,Australia
16267,1,13,gamma,15.0,0,0,24.95,9b2d5b4678781e53038e91ea5324530a03f27dc1d0e5f6c9bc9d493a23be9de0,USA
16268,0,13,theta,,0,0,15.475,9b2d5b4678781e53038e91ea5324530a03f27dc1d0e5f6c9bc9d493a23be9de0,Australia
16269,1,11,gamma,53.0,0,1,422.675,0cd20d37dbaa799d1d2f6f04adbab0b9e958b083f38e06512cdefadd20863f98,USA
16270,1,13,gamma,23.0,0,0,14.4584,9b2d5b4678781e53038e91ea5324530a03f27dc1d0e5f6c9bc9d493a23be9de0,Canada
16271,1,11,gamma,27.0,1,0,114.0,5d73ebde81987d4c7512a0432572a87d9d31a7b8074dde9c4846f6c74dc3429e,USA
16272,0,11,theta,39.0,0,0,60.0,ed35195ae02792a34387364493a4c766809f13a5d2b597830d70db652bd1afa4,USA
16273,0,13,theta,,1,2,46.9,9b2d5b4678781e53038e91ea5324530a03f27dc1d0e5f6c9bc9d493a23be9de0,USA
16274,0,13,theta,35.0,0,0,14.1,9b2d5b4678781e53038e91ea5324530a03f27dc1d0e5f6c9bc9d493a23be9de0,USA
16275,0,13,theta,35.0,0,0,14.5,9b2d5b4678781e53038e91ea5324530a03f27dc1d0e5f6c9bc9d493a23be9de0,USA
16276,1,13,gamma,28.0,0,0,14.9916,9b2d5b4678781e53038e91ea5324530a03f27dc1d0e5f6c9bc9d493a23be9de0,USA
16277,0,13,theta,18.0,4,1,58.25,9b2d5b4678781e53038e91ea5324530a03f27dc1d0e5f6c9bc9d493a23be9de0,Australia
16278,1,13,theta,11.0,1,2,41.15,9b2d5b4678781e53038e91ea5324530a03f27dc1d0e5f6c9bc9d493a23be9de0,USA
16279,0,11,theta,56.0,0,0,158.4,3fb46682abd7e169c4666abf6193481d9652911471e5e479ae21bcc53e086b9b,Canada
16280,0,13,theta,,0,0,15.5,9b2d5b4678781e53038e91ea5324530a03f27dc1d0e5f6c9bc9d493a23be9de0,Australia
16281,0,12,theta,26.0,0,0,52.0,9b2d5b4678781e53038e91ea5324530a03f27dc1d0e5f6c9bc9d493a23be9de0,USA
16282,0,13,gamma,,8,2,139.1,9b2d5b4678781e53038e91ea5324530a03f27dc1d0e5f6c9bc9d493a23be9de0,USA
16283,0,11,theta,,0,0,61.3916,9b2d5b4678781e53038e91ea5324530a03f27dc1d0e5f6c9bc9d493a23be9de0,Canada
16284,0,13,theta,35.0,0,0,15.7916,9b2d5b4678781e53038e91ea5324530a03f27dc1d0e5f6c9bc9d493a23be9de0,USA
16285,0,12,theta,49.0,0,0,26.0,9b2d5b4678781e53038e91ea5324530a03f27dc1d0e5f6c9bc9d493a23be9de0,USA
16286,1,11,gamma,59.0,0,0,51.8584,1d3a071aecf272a7b72d68659ffd251c94a39817614912fc97fc969725000774,USA
16287,1,13,gamma,41.0,0,0,17.3666,9b2d5b4678781e53038e91ea5324530a03f27dc1d0e5f6c9bc9d493a23be9de0,USA
16288,0,13,theta,40.0,0,0,14.4584,9b2d5b4678781e53038e91ea5324530a03f27dc1d0e5f6c9bc9d493a23be9de0,Canada
16289,0,13,gamma,40.0,1,1,48.3,9b2d5b4678781e53038e91ea5324530a03f27dc1d0e5f6c9bc9d493a23be9de0,USA
16290,0,12,theta,44.0,0,0,26.0,9b2d5b4678781e53038e91ea5324530a03f27dc1d0e5f6c9bc9d493a23be9de0,USA
16291,1,12,gamma,41.0,1,1,52.5,9b2d5b4678781e53038e91ea5324530a03f27dc1d0e5f6c9bc9d493a23be9de0,USA
16292,1,11,theta,21.0,1,2,240.0,cec0a7de7f8d6fc385250a76e38555a1f45fd5aaeb1a2ba3dbdf90a049bb0681,USA
16293,1,13,theta,10.42,0,1,17.0334,9b2d5b4678781e53038e91ea5324530a03f27dc1d0e5f6c9bc9d493a23be9de0,Canada
16294,1,13,theta,37.0,0,0,13.95,9b2d5b4678781e53038e91ea5324530a03f27dc1d0e5f6c9bc9d493a23be9de0,USA
16295,0,13,theta,41.0,0,0,15.55,9b2d5b4678781e53038e91ea5324530a03f27dc1d0e5f6c9bc9d493a23be9de0,USA
16296,0,11,theta,49.0,0,0,0.0,b3f6c1cee0b57ba9e239527a2a8c84e38b7ee5d965e3f393fc75480e9f388771,USA
16297,0,13,gamma,28.0,0,0,15.55,9b2d5b4678781e53038e91ea5324530a03f27dc1d0e5f6c9bc9d493a23be9de0,USA
16298,0,12,theta,49.0,0,0,26.0,9b2d5b4678781e53038e91ea5324530a03f27dc1d0e5f6c9bc9d493a23be9de0,USA
16299,1,11,gamma,43.0,1,0,106.2,a8d0a1117e28efe9d9bcd29833dd103ca8f1110f68e814dbff635c08c6d71907,USA
16300,0,13,theta,36.0,0,0,15.775,9b2d5b4678781e53038e91ea5324530a03f27dc1d0e5f6c9bc9d493a23be9de0,USA
16301,0,13,theta,49.0,0,0,48.3,9b2d5b4678781e53038e91ea5324530a03f27dc1d0e5f6c9bc9d493a23be9de0,USA
16302,0,12,theta,45.0,0,0,21.0,9b2d5b4678781e53038e91ea5324530a03f27dc1d0e5f6c9bc9d493a23be9de0,USA
16303,0,13,gamma,16.0,4,2,62.55,9b2d5b4678781e53038e91ea5324530a03f27dc1d0e5f6c9bc9d493a23be9de0,USA
16304,0,13,theta,40.5,0,0,16.1,9b2d5b4678781e53038e91ea5324530a03f27dc1d0e5f6c9bc9d493a23be9de0,USA
16305,0,11,theta,,0,0,0.0,e259d7f2b3bd6b7ebbdad82a258ae0b7d8fb2b49121808ba92a1700edc3336f4,USA
16306,0,13,gamma,33.0,0,0,15.85,9b2d5b4678781e53038e91ea5324530a03f27dc1d0e5f6c9bc9d493a23be9de0,USA
16307,0,12,theta,41.0,1,1,74.0084,9b2d5b4678781e53038e91ea5324530a03f27dc1d0e5f6c9bc9d493a23be9de0,Canada
16308,0,13,theta,53.0,0,0,12.9,9b2d5b4678781e53038e91ea5324530a03f27dc1d0e5f6c9bc9d493a23be9de0,USA
16309,0,13,theta,20.0,3,2,55.8,9b2d5b4678781e53038e91ea5324530a03f27dc1d0e5f6c9bc9d493a23be9de0,USA
16310,1,11,gamma,62.0,1,1,187.0,5c91317348b7257fe925c31338faf9a3875488736af4f99c18d0611d43e1eb23,USA
16311,1,13,theta,37.0,0,0,17.325,9b2d5b4678781e53038e91ea5324530a03f27dc1d0e5f6c9bc9d493a23be9de0,USA
16312,0,11,theta,48.0,0,0,0.0,9b2d5b4678781e53038e91ea5324530a03f27dc1d0e5f6c9bc9d493a23be9de0,USA
16313,1,13,gamma,37.0,0,1,24.95,c620fe58b43a61dfebfc36f729a320d4b6265d63bbd32b2f1d8f440413b3163b,USA
16314,0,13,theta,12.0,4,1,79.375,9b2d5b4678781e53038e91ea5324530a03f27dc1d0e5f6c9bc9d493a23be9de0,USA
16315,0,13,theta,,0,0,13.9,9b2d5b4678781e53038e91ea5324530a03f27dc1d0e5f6c9bc9d493a23be9de0,Australia
16316,0,13,theta,,0,0,112.9916,9b2d5b4678781e53038e91ea5324530a03f27dc1d0e5f6c9bc9d493a23be9de0,USA
16317,1,12,theta,11.0,0,2,74.0084,9b2d5b4678781e53038e91ea5324530a03f27dc1d0e5f6c9bc9d493a23be9de0,Canada
16318,1,13,theta,,0,0,15.5,9b2d5b4678781e53038e91ea5324530a03f27dc1d0e5f6c9bc9d493a23be9de0,Australia
16319,1,11,gamma,72.0,0,0,160.0,8abdf1580603d91a8e255690a4b7381a36aff7b0c4c0c6589831ddf165aca75c,
16320,1,13,gamma,25.0,1,0,28.9084,9b2d5b4678781e53038e91ea5324530a03f27dc1d0e5f6c9bc9d493a23be9de0,Canada
16321,1,12,theta,10.83,1,1,37.5,9b2d5b4678781e53038e91ea5324530a03f27dc1d0e5f6c9bc9d493a23be9de0,USA
16322,0,13,theta,,0,0,14.4584,9b2d5b4678781e53038e91ea5324530a03f27dc1d0e5f6c9bc9d493a23be9de0,Canada
16323,0,13,theta,33.0,0,0,15.7084,9b2d5b4678781e53038e91ea5324530a03f27dc1d0e5f6c9bc9d493a23be9de0,USA
16324,0,13,theta,28.0,0,0,16.6,9b2d5b4678781e53038e91ea5324530a03f27dc1d0e5f6c9bc9d493a23be9de0,USA
16325,1,11,gamma,49.0,1,1,166.3166,31098ba063379ccdfb8ac347f4127820e736ec8c103edd479d2ed44c5aa7a09c,Canada
16326,0,13,theta,31.0,0,0,17.325,9b2d5b4678781e53038e91ea5324530a03f27dc1d0e5f6c9bc9d493a23be9de0,USA
16327,0,13,theta,,0,0,16.1,9b2d5b4678781e53038e91ea5324530a03f27dc1d0e5f6c9bc9d493a23be9de0,USA
16328,1,13,theta,42.0,0,0,112.9916,9b2d5b4678781e53038e91ea5324530a03f27dc1d0e5f6c9bc9d493a23be9de0,USA
16329,1,11,theta,,0,0,59.4,f5c594ef3bfbace437101cb4e8c22ce1f76cfa071fca259e0d0ec040a436e174,Canada
16330,0,13,theta,30.0,0,0,15.85,9b2d5b4678781e53038e91ea5324530a03f27dc1d0e5f6c9bc9d493a23be9de0,USA
16331,0,12,theta,26.0,0,0,21.0,9b2d5b4678781e53038e91ea5324530a03f27dc1d0e5f6c9bc9d493a23be9de0,USA
16332,1,11,gamma,40.0,0,0,62.0,9b2d5b4678781e53038e91ea5324530a03f27dc1d0e5f6c9bc9d493a23be9de0,Canada
16333,0,13,theta,44.5,0,0,12.875,9b2d5b4678781e53038e91ea5324530a03f27dc1d0e5f6c9bc9d493a23be9de0,Canada
16334,0,13,theta,27.0,0,0,17.325,9b2d5b4678781e53038e91ea5324530a03f27dc1d0e5f6c9bc9d493a23be9de0,USA
16335,0,13,theta,52.0,0,0,15.1,9b2d5b4678781e53038e91ea5324530a03f27dc1d0e5f6c9bc9d493a23be9de0,USA
16336,0,13,theta,,8,2,139.1,9b2d5b4678781e53038e91ea5324530a03f27dc1d0e5f6c9bc9d493a23be9de0,USA
16337,0,13,theta,45.0,0,0,15.7916,9b2d5b4678781e53038e91ea5324530a03f27dc1d0e5f6c9bc9d493a23be9de0,Canada
16338,0,12,theta,38.0,0,1,66.0,9b2d5b4678781e53038e91ea5324530a03f27dc1d0e5f6c9bc9d493a23be9de0,USA
16339,1,11,gamma,,1,0,178.2084,4f7d268dd72e145375135b90d8d81cb64b8b0743b31eb2f2d7c4562233f972b3,Canada
16340,0,13,theta,14.0,4,2,62.55,9b2d5b4678781e53038e91ea5324530a03f27dc1d0e5f6c9bc9d493a23be9de0,USA
16341,0,13,theta,84.0,0,0,15.55,9b2d5b4678781e53038e91ea5324530a03f27dc1d0e5f6c9bc9d493a23be9de0,USA
16342,0,13,gamma,19.0,1,1,30.4916,9b2d5b4678781e53038e91ea5324530a03f27dc1d0e5f6c9bc9d493a23be9de0,Canada
16343,1,11,gamma,26.0,0,1,78.8,7e406bbc6d5b1e57f9208c77cf12e04a31c7ece0dde08f907e59a1a848c242a8,USA
16344,0,12,gamma,54.0,1,0,52.0,9b2d5b4678781e53038e91ea5324530a03f27dc1d0e5f6c9bc9d493a23be9de0,USA
16345,1,13,gamma,28.0,0,1,18.7,9b2d5b4678781e53038e91ea5324530a03f27dc1d0e5f6c9bc9d493a23be9de0,USA
16346,1,11,gamma,55.0,1,1,329.7334,9b2d5b4678781e53038e91ea5324530a03f27dc1d0e5f6c9bc9d493a23be9de0,USA
16347,1,11,theta,61.0,0,0,53.1,036d49609e998881fc2eed488bc07ba535bc39740fec14b7f114698583e80983,USA
16348,1,13,gamma,34.0,0,3,38.5166,9b2d5b4678781e53038e91ea5324530a03f27dc1d0e5f6c9bc9d493a23be9de0,Canada
16349,0,13,theta,,0,0,14.4584,9b2d5b4678781e53038e91ea5324530a03f27dc1d0e5f6c9bc9d493a23be9de0,Canada
16350,0,13,theta,51.0,2,0,28.2166,9b2d5b4678781e53038e91ea5324530a03f27dc1d0e5f6c9bc9d493a23be9de0,USA
16351,0,12,theta,31.0,1,0,23.0,9b2d5b4678781e53038e91ea5324530a03f27dc1d0e5f6c9bc9d493a23be9de0,USA
16352,1,11,gamma,58.0,0,0,51.8584,1d3a071aecf272a7b72d68659ffd251c94a39817614912fc97fc969725000774,USA
16353,0,13,gamma,,8,2,139.1,9b2d5b4678781e53038e91ea5324530a03f27dc1d0e5f6c9bc9d493a23be9de0,USA
16354,0,12,theta,34.0,0,0,26.0,9b2d5b4678781e53038e91ea5324530a03f27dc1d0e5f6c9bc9d493a23be9de0,USA
16355,1,12,gamma,52.0,0,0,26.0,9b2d5b4678781e53038e91ea5324530a03f27dc1d0e5f6c9bc9d493a23be9de0,USA
16356,1,12,gamma,37.0,1,0,27.7166,9b2d5b4678781e53038e91ea5324530a03f27dc1d0e5f6c9bc9d493a23be9de0,Canada
16357,0,11,theta,41.0,0,0,100.9916,3b0312e666f0f59e4510fd1b3b671919d7b58db0edb5a690bbcaa11a4c335816,USA
16358,0,13,theta,,0,0,19.0,9b2d5b4678781e53038e91ea5324530a03f27dc1d0e5f6c9bc9d493a23be9de0,USA
16359,1,13,theta,14.0,1,1,22.2666,9b2d5b4678781e53038e91ea5324530a03f27dc1d0e5f6c9bc9d493a23be9de0,USA
16360,0,13,theta,36.0,0,0,15.7916,9b2d5b4678781e53038e91ea5324530a03f27dc1d0e5f6c9bc9d493a23be9de0,USA
16361,1,11,gamma,57.0,1,1,105.1084,a5882870f8cff482dc6f0292fa5530fa6b8e637bcb12fd88738f6859c66d9ac2,USA
16362,0,11,theta,43.0,0,0,10.0,e27e52bd4d3aaeb744b147f114c9a851a66fc087c25ce3d4b71d8332f7dd3e55,USA
16363,0,13,theta,57.0,0,0,18.0,9b2d5b4678781e53038e91ea5324530a03f27dc1d0e5f6c9bc9d493a23be9de0,USA
16364,1,12,gamma,38.0,1,0,48.0,9b2d5b4678781e53038e91ea5324530a03f27dc1d0e5f6c9bc9d493a23be9de0,Canada
16365,1,13,gamma,25.0,0,0,14.45,9b2d5b4678781e53038e91ea5324530a03f27dc1d0e5f6c9bc9d493a23be9de0,Canada
16366,0,13,theta,30.0,0,0,19.6916,9b2d5b4678781e53038e91ea5324530a03f27dc1d0e5f6c9bc9d493a23be9de0,USA
16367,0,13,theta,29.0,0,0,15.7916,9b2d5b4678781e53038e91ea5324530a03f27dc1d0e5f6c9bc9d493a23be9de0,USA
16368,0,13,theta,,0,0,15.7916,9b2d5b4678781e53038e91ea5324530a03f27dc1d0e5f6c9bc9d493a23be9de0,USA
16369,1,11,gamma,66.0,0,1,166.3166,f4f4ab46a407fcadc695fa1d49f0070e241c1c6fe16f48e2841577f8b831e141,Canada
16370,1,12,gamma,35.0,0,1,52.0,9b2d5b4678781e53038e91ea5324530a03f27dc1d0e5f6c9bc9d493a23be9de0,USA
16371,0,13,theta,43.0,0,0,15.7916,9b2d5b4678781e53038e91ea5324530a03f27dc1d0e5f6c9bc9d493a23be9de0,USA
16372,0,13,gamma,32.0,0,0,21.0334,9b2d5b4678781e53038e91ea5324530a03f27dc1d0e5f6c9bc9d493a23be9de0,USA
16373,0,12,theta,38.0,0,0,21.0,9b2d5b4678781e53038e91ea5324530a03f27dc1d0e5f6c9bc9d493a23be9de0,USA
16374,0,13,theta,35.0,0,0,14.1,9b2d5b4678781e53038e91ea5324530a03f27dc1d0e5f6c9bc9d493a23be9de0,USA
16375,0,13,gamma,49.0,0,5,58.25,9b2d5b4678781e53038e91ea5324530a03f27dc1d0e5f6c9bc9d493a23be9de0,Australia
16376,0,12,theta,37.0,0,0,26.0,9b2d5b4678781e53038e91ea5324530a03f27dc1d0e5f6c9bc9d493a23be9de0,USA
16377,1,11,gamma,29.0,0,0,60.0,72294ba1616ddcaee48e56501040e876d26bd0c1839f3cddd34900f590f717a4,USA
16378,0,13,gamma,,1,2,46.9,9b2d5b4678781e53038e91ea5324530a03f27dc1d0e5f6c9bc9d493a23be9de0,USA
16379,1,11,theta,36.0,0,0,60.0,a2b612f45840d6f27b1a73ddae7f50e0bd9c4935903de602fdbc2da6d62e06a8,Canada
16380,0,13,theta,42.0,0,0,15.5,9b2d5b4678781e53038e91ea5324530a03f27dc1d0e5f6c9bc9d493a23be9de0,Australia
